mean,std,ptp,dom_freq,label
20.450882919654436,0.2710300464583251,1.3017845411349853,0.5,0
20.345865436054105,0.4424516929411827,1.7908649129463186,0.5,0
20.683802254181693,0.5067025893274365,2.1321231811949133,0.5,0
20.54063245516613,0.7444703527357769,2.9513635596036707,1.0,0
20.885513609665608,0.8162476500728988,2.9150934910268127,0.5,0
20.386404171622925,0.40939198021495327,2.265780246156556,2.0,0
20.73002512355239,0.3521512204348859,1.631606604663677,2.0,0
20.605865422019534,0.4212356165858547,2.000819964847693,1.5,0
20.520952068138758,0.6566578305815705,2.757115145654975,1.0,0
20.651464604852585,0.5887195886095463,2.374784052084557,1.5,0
21.00533105432091,0.4084745610810359,1.8320873581418233,1.0,0
20.756445831835237,0.7636834117070965,3.3997887600256504,0.5,0
20.485116464108003,0.38952324928865445,1.66339152230778,0.5,0
20.751543014804806,0.5742266471565434,2.069600312732746,0.5,0
20.668056270915553,0.6671596189879435,2.702294651336306,0.5,0
20.759370254074284,0.7957175547605454,3.3282321615406545,0.5,0
20.324958370688076,0.7346452808736513,2.7552161618589857,0.5,0
20.49960259279821,0.5722173299145215,2.5652557477872264,0.5,0
20.535562202285448,0.9351061872950727,3.962369877103363,0.5,0
20.886550653451163,0.4424850632729129,1.8849567454138132,1.5,0
20.57374558925349,0.5188930347293577,2.171600232076351,0.5,0
20.363225304978634,0.5044432565130286,2.1406941768621657,0.5,0
20.362328283422595,0.36215569780326673,1.5043488276866022,1.0,0
20.421919440962057,0.45264141740457386,1.9921870057360387,0.5,0
20.51785164305824,0.2938138458184957,1.2383910087893497,1.0,0
20.79014683525861,0.46622652870357034,1.8889955871699868,0.5,0
20.6963045439556,0.47140282131455047,2.1205484437400095,1.5,0
20.71256951012106,0.6300062795170023,2.784887536436454,0.5,0
20.57289377041223,0.4632112246351921,1.8880225513808995,1.0,0
20.62918276876914,0.4478820003680402,2.2905781965125236,0.5,0
20.727472374177815,0.4787464323634866,2.1120742133752337,0.5,0
20.445241762656718,0.8244313409417173,2.9681164302091574,0.5,0
20.578960857928553,0.525061088892743,2.278516057700127,0.5,0
20.3990119381868,0.6018828378836372,2.7048750700007567,0.5,0
20.949187146311417,0.3711747891025174,1.6200946091536572,0.5,0
20.874253835981534,0.5951772186718409,2.5701534258059695,0.5,0
20.43410360105661,0.5721963528101769,2.3503799305529043,0.5,0
20.24571612168894,0.8333111578750991,3.2756436317113433,0.5,0
20.607532215001303,0.6268856906987805,2.650259703991587,1.5,0
20.31722292047111,0.4636901561973995,2.0651432734779434,0.5,0
21.58376157522618,1.432670390493958,6.847479209295972,1.0,0
20.404179912407443,0.4610018253685279,2.0872953351697383,2.0,0
20.794355118034684,0.3954348384788364,1.8441722601804358,1.0,0
20.88694591363125,0.6578472567288335,2.5336331910450696,0.5,0
20.509147527874248,0.6570878700586309,2.582025038227389,0.5,0
20.875734656922827,0.5875319280628483,2.0939957198850614,0.5,0
20.69223672074735,0.5135121965176581,2.0659118943601555,0.5,0
20.696048034625445,0.45953436487923904,1.885875117572727,1.0,0
20.55479400478497,0.6327247897238695,2.794917975523674,0.5,0
20.84949135451736,0.385120904107937,1.5864311008236882,1.5,0
20.668752867708662,0.5304843620284803,2.172302170489921,0.5,0
20.697863921862222,0.6648980519354543,2.6783828262027782,0.5,0
20.708424021289538,0.3934219500671042,2.00598424899459,0.5,0
20.35240542894436,0.7004811251573089,3.176700547702797,0.5,0
20.37560242522652,0.38418627945564243,1.9280472442381118,2.0,0
20.673925715537575,0.45701942636790616,1.888978176884784,0.5,0
20.586703934827618,0.43616361379401103,1.840695664464267,1.5,0
20.523020332840236,0.48906761860981623,2.149850882649524,1.0,0
20.905567360110954,0.5630828937047704,2.319843859192357,0.5,0
20.971304148307226,0.6564462621317098,3.0898980356355246,1.0,0
20.629469001858666,0.7334532183106867,2.7680252384689332,0.5,0
20.690347151314313,0.5981450722193881,2.5613725426372334,1.0,0
21.119004041313797,0.7168392230326293,2.7150429961526577,0.5,0
20.21288547660498,0.6774588402193157,2.95536821848199,1.5,0
20.30472039699059,0.5537701273143877,2.204205968650392,1.5,0
20.336247788579268,0.462944354773631,1.9412287472751224,0.5,0
20.89362151214832,0.4617572060261442,1.7745624904992248,0.5,0
20.863966908241974,0.6114014089536411,2.4843306491122803,0.5,0
20.454276279147958,0.5814757655643493,2.6962984664070113,1.5,0
20.567547541066304,0.46500192990539413,2.219217792842368,1.0,0
20.65897738693638,0.49349396043544286,2.046871692667473,0.5,0
20.61360596473963,0.9037436692347213,3.411752748192196,0.5,0
20.755554225515734,0.48889890567090416,2.0841934984433195,0.5,0
20.698657936617174,1.0016782231821126,4.75607743259302,2.0,0
20.51976842752202,0.3715894366348715,1.6694861721879306,1.0,0
20.483510511486728,0.7527744238141699,2.927962471920349,0.5,0
20.338484871356673,0.7160988237504499,2.763967937961649,0.5,0
20.733238801197896,0.5191046100761212,2.1666252081585853,1.0,0
20.572077115472165,0.5553162441290109,2.842410192912606,0.5,0
20.518796436305816,0.4379927330581772,1.9792643576122941,1.0,0
20.905077342379762,0.38582578102244225,1.8510430511826463,0.5,0
20.240274652169468,0.5625435068231665,2.4379539754193438,0.5,0
20.47618781585082,0.6416921796777996,2.2220734400887068,1.0,0
21.2070983107135,1.3226871871838135,6.675698893123123,1.5,0
20.459955761235566,0.5226370880132212,2.2895465252947176,0.5,0
20.72802033877022,0.47357660021364345,1.8575581908757783,0.5,0
20.17421989879317,0.5763316106479267,2.086546423079586,0.5,0
20.646401776790217,0.7163120965722112,2.890216472428282,0.5,0
20.66215940924834,0.5385026452209645,2.4276698594735358,0.5,0
20.600724055713755,0.7758424312700671,2.572489782928269,0.5,0
20.5604552308444,0.6290951540183981,2.411422555819371,0.5,0
20.75808748464072,0.5619202399701073,1.9199152693450081,0.5,0
20.46714623257506,0.5673657443003333,2.1781811775433795,0.5,0
20.730172760048937,0.4269748555329881,1.9315495929577118,0.5,0
20.68890546477494,0.7447699310777285,2.565524031627284,0.5,0
20.56302676887754,0.7881180877950715,3.2745920467902216,0.5,0
20.756368037484062,0.7287996753935392,3.086144950576383,0.5,0
20.500797420672455,0.42888114963404866,1.503665749842387,1.0,0
20.356391826057784,0.6507683170706083,2.609911031996372,0.5,0
20.382661233820468,0.6133411865712357,3.146137497080854,0.5,0
20.594428028970903,0.6591164705967184,2.4362071850721527,1.5,0
20.550588832272446,0.7221017631265608,2.6870793931586796,0.5,0
20.543576562828,0.8006149200383246,3.4045966571854294,0.5,0
20.78341944167661,0.46291891342220165,2.005579352856202,1.0,0
20.798731236687836,0.4636963923409721,1.6370401988069148,0.5,0
20.57019546344353,0.48403339239034565,2.1225354505458682,2.0,0
20.661263758904624,0.642161859696377,2.958448506476664,1.0,0
20.55676538829943,0.38653777765753167,2.0362574088351693,2.0,0
20.470663620817955,0.620770410366376,2.515670680889535,0.5,0
20.51331261733138,0.6201576892991186,2.4381481232076894,0.5,0
20.43590256512358,0.6715835856885675,3.0172130635644336,1.5,0
20.334004814596497,0.39439391548355446,1.5865839789610519,0.5,0
20.486408661777578,0.5380276234429752,2.3751807381158656,1.0,0
20.690488673436757,0.6103459993680482,2.933589383097086,0.5,0
20.742749124744343,0.3939500970346482,1.6206901051054743,1.0,0
20.829583202776142,0.4156005035881681,1.6965813036823825,0.5,0
20.42459220283552,0.5202720923037283,2.1254525204494783,0.5,0
20.487748535176127,0.7082741092503553,3.204306004510059,0.5,0
20.54706270153857,0.4696081461601291,2.129147763790076,0.5,0
20.63285627832933,0.5953158109671205,2.6303266703272605,1.0,0
20.79981795141196,0.5902665537189216,2.162769083773,1.0,0
20.683109581775067,0.5966677277833735,2.290975161849019,0.5,0
20.757288557072414,0.34980267459977543,1.5435694403106481,0.5,0
20.690340177618467,0.6980522724605432,3.029522766471885,0.5,0
20.29161294830539,0.9582721746462046,3.311025645439262,0.5,0
20.6872437744157,0.7449900113011314,3.1400947816606646,0.5,0
20.951663688802313,0.5010755357552388,1.9953678166121023,0.5,0
20.46849278097303,0.6077492164712551,2.42852732142919,0.5,0
20.40914840884939,0.6292689076987819,2.558118608154885,1.0,0
20.671351868978988,0.5612794426157225,2.2742770839331605,0.5,0
20.81271345565482,0.5248679552749937,2.1107740533663986,1.0,0
20.29321604149724,0.6249166574256898,2.96964023063623,0.5,0
20.546538665502762,0.44000405502702084,1.8711245689385905,0.5,0
20.458659341862628,0.5133124979299927,2.3194131956527357,0.5,0
20.13937673316178,0.6089208437453005,2.5428522284250974,0.5,0
20.34859773282473,0.4510766768628966,2.0068515070502713,1.0,0
20.8594824181494,0.710027797097373,2.8081747780823747,0.5,0
20.679411487364717,0.5269176492253597,2.2398204442461243,0.5,0
20.38181084031483,0.6523441013959113,2.535782031461551,1.5,0
20.338202510353998,0.46928005514017934,1.8252424725422358,1.5,0
20.785375958835715,0.5238191987362375,2.548322754531334,0.5,0
20.569312617978294,0.4406465356789032,1.7518524243807896,0.5,0
20.40804648286245,0.7037571902228115,2.2716613879545093,1.0,0
20.80746370537167,0.6544642241193622,2.5837063774310813,0.5,0
21.03327025855776,0.5179010053740027,2.6045898332570836,1.0,0
20.718302885697128,0.4482441656391883,1.9997107901735731,0.5,0
21.239499664755677,0.5098242949906096,1.9888418068173657,0.5,0
20.71477420803865,0.4211524754201449,1.8943493798977187,1.0,0
20.564432618317174,0.6201232494828971,2.4349063026428865,0.5,0
20.728074369619513,0.6000037618151716,2.1637654055352478,0.5,0
20.312139114810115,0.7656909065800797,2.959693066475854,0.5,0
20.80556764943283,0.3895369874088886,1.5454341938205616,1.0,0
20.585385068542873,0.3111280391317776,1.2726837248152307,1.0,0
20.61293654701233,0.7340666494332521,2.5584793837834354,0.5,0
20.48428436307443,0.537127391830826,1.869083236699602,0.5,0
20.29634695276937,0.5096348013297075,1.7845331995346534,0.5,0
20.569768139854762,0.5504519034248044,2.1991593966124263,1.5,0
20.580490497231462,0.5166762521608188,1.912156905642039,0.5,0
20.81155852803429,0.5064876011629503,2.310555856138105,0.5,0
20.810676499502332,0.42859774478852586,1.956475391357479,1.5,0
20.513968078625393,0.5591738198718935,2.346851835022445,0.5,0
20.604191259137107,0.582298695301837,3.0265563474974755,2.0,0
20.711385659714736,0.6377568482907082,2.773557051099651,1.0,0
20.688146278635212,0.5853810961602072,2.617467552726289,0.5,0
20.679529407710604,0.6875680772472674,2.696003291924878,0.5,0
20.56160319968049,0.8018832484774442,3.616129445233824,1.0,0
20.51642402885409,0.9371073997340983,4.413888620288045,0.5,0
20.716971193045442,0.6524854819567425,2.6284815820575673,0.5,0
20.577327228233862,0.5974151881659562,2.236238898354898,1.5,0
20.463780083767006,0.4233696050979493,1.741969381640292,0.5,0
20.523336171188568,0.4100216757348161,2.0637720683955614,0.5,0
20.832592224087083,0.4768080049208062,2.048939877496476,0.5,0
20.494407422655275,0.5354329506793389,2.206179649962511,1.5,0
20.719783973994826,0.7035720747078759,3.0915688287126244,0.5,0
20.43367282694161,0.5699131045252114,2.4190882893666483,1.0,0
20.78269079739332,0.4695732119631453,2.645916464788108,1.0,0
20.90692802819081,0.7271516789162722,2.8138294233802625,0.5,0
20.702926951976984,0.6585760107073184,2.9109565477579054,0.5,0
20.736154601020623,0.5005953406307058,2.271607860649933,1.5,0
20.774960669069277,1.0368736108502723,3.8036483654280104,0.5,0
20.492121759392056,0.5454969951847274,2.314297169317907,1.5,0
20.810192161523478,0.8541537498457419,3.117509579722121,0.5,0
20.722010236703067,0.8728750991793829,3.1092994194764216,0.5,0
20.900543537557883,0.5460381207195081,2.387873389279992,0.5,0
20.74018069546662,0.4756547808095784,1.6747942591730265,0.5,0
20.362639918848867,0.5043336379999566,1.793167195417361,0.5,0
20.618444070473974,0.7687073299014348,3.3132978831671807,1.5,0
21.101843979232978,0.7897182898855125,2.688594776441775,0.5,0
20.776476235105832,0.7378577561664663,3.0863850796395162,0.5,0
20.75208362038109,0.5093197796980546,2.0853075905283447,0.5,0
20.588068919329427,0.458061616760521,1.9808495642562427,0.5,0
20.622332231078715,0.43394716379723597,2.081879786990992,0.5,0
20.793018259141217,0.5696937225837415,1.8707720327578272,1.0,0
20.791730916046305,0.5535683818646632,2.3998231366251623,1.5,0
20.815747341398254,0.7557034601515118,2.9594975168665343,0.5,0
20.538771869286414,0.4660485803614137,2.083749318366735,0.5,0
20.481073952966373,0.5915714691040916,2.739370832974295,0.5,0
20.448361319254325,0.6915037986939725,2.4009345769258132,0.5,0
20.72923188969183,0.9907819260802879,4.4257406467603175,0.5,0
20.56855062989532,0.5062021512210042,2.110457191175229,0.5,0
46.027072849155644,3.1356317326193937,9.389057857385616,0.5,1
45.35210415038118,2.98443318776749,9.07486513724892,0.5,1
45.30393740037931,3.2292314806896036,10.992195498894652,0.5,1
45.145004596882984,3.1385212768825834,10.268661621526604,0.5,1
45.815760743833664,2.7318228480425817,8.815162705825237,0.5,1
45.60146236281728,2.6707999111747687,8.580990244811147,0.5,1
45.347784442512676,2.8733678638060303,9.18595909800851,0.5,1
45.49666852386572,3.151974550895775,11.101880825021482,0.5,1
45.70811579255318,2.8859094074748652,9.973510544390699,0.5,1
45.55077892106618,2.8586276235703134,9.322830875413914,0.5,1
45.49715126090499,2.9473908629239007,9.54910058092328,0.5,1
45.49226529919869,2.9395634400194224,9.775117451777184,0.5,1
45.44850468024263,2.512871007370754,7.339561575629162,0.5,1
45.372359573046296,2.864032898169489,10.646081077511987,0.5,1
45.571425240829456,2.9324032984579924,9.123969981439629,0.5,1
45.57950290162707,2.701898151896924,9.97390224708706,0.5,1
45.86258607098888,2.452462161476134,7.3768291596344255,0.5,1
45.329967713599146,2.759631470602124,8.785776794156348,0.5,1
45.35381248058289,2.6528877375190514,8.18083831229385,0.5,1
45.78573691559679,2.930128910882975,8.945990969800228,0.5,1
45.59625268186472,2.6390083631479793,9.898391444152303,0.5,1
45.520828921134495,2.961434446861958,9.937041218557766,0.5,1
45.3592612385211,3.1210478088924436,10.137074361971251,0.5,1
45.46089343842683,2.7294814897477218,9.149508404923758,0.5,1
45.79425897242084,3.1870318424613204,10.930471990332997,0.5,1
45.3267497666887,3.122440414818906,11.27911514178949,0.5,1
45.68667120113452,2.637054819614912,8.981123627655208,0.5,1
45.27741186417311,2.7685746097885127,8.635220987268632,0.5,1
45.821021640287235,2.9104662927124707,9.493207497551637,0.5,1
45.536126629906775,2.680215692220054,7.6077071630932736,0.5,1
45.774134920080435,2.735532052185244,8.794539240201914,0.5,1
45.49206374287002,2.65315220032971,8.517284025777634,0.5,1
45.42514792812104,3.3598843549866997,11.545254215366057,0.5,1
45.85498218938431,3.2333469897985023,11.155878879957221,0.5,1
45.71829277749682,2.359818452007279,9.112610736078892,0.5,1
45.561652367563326,2.8928056359748244,8.807250745806343,0.5,1
45.138111209789884,2.786839988067228,10.391919100763836,0.5,1
45.699239566155185,2.398835084133908,9.618489094458376,0.5,1
45.681776179672376,2.6005464433931076,8.891133805965872,0.5,1
45.57594833933722,2.9519967228373094,9.069407732060746,0.5,1
45.624027337934,2.693436402497846,8.854508406442712,0.5,1
45.41089380503637,3.0036044451448425,8.77414578615246,0.5,1
45.688256556492625,2.8670635746411,9.047135568623396,0.5,1
45.27665472125081,2.9352103844120347,9.914675250739585,0.5,1
45.45556914038239,2.5236006907899986,8.085915343112205,0.5,1
45.69430438227633,2.541171983319993,8.263026271199081,0.5,1
45.62489144939514,2.722328073133365,8.929878529366917,0.5,1
45.70723864899696,3.025120875264095,9.640052861985502,0.5,1
45.50094389922763,2.823653244577477,10.008890718362238,0.5,1
45.16646932541974,2.5954778973504142,7.767735203650879,0.5,1
44.88045896260062,2.725287634349023,8.568535282307522,0.5,1
45.42038250796284,2.901809672016735,9.63051555523203,0.5,1
45.499172629123905,3.2897466499823222,12.493275814022795,0.5,1
45.78960867329614,2.7051344475476227,8.674482988452745,0.5,1
45.478456663759125,3.147233835689933,10.556314322298924,0.5,1
45.736633016463365,2.5248820146914497,8.729363023083529,0.5,1
45.48992839799871,2.9797067972843725,10.268126713092457,0.5,1
45.134159282392865,2.865393454304613,10.32434848034999,0.5,1
45.37194126721817,3.0715833228866063,10.629329391080532,0.5,1
45.47397963835087,3.101851947054266,11.174175270363293,0.5,1
45.77757564221377,2.8634732621717176,9.149060563689005,0.5,1
45.5779968473515,2.8043869119347784,9.142415831169586,0.5,1
45.31430052878723,2.7491505590057383,9.51883353327554,0.5,1
45.53139457677102,2.919258944634481,10.072629015165312,0.5,1
45.32302022036392,3.410582880445205,11.304308407123166,0.5,1
45.476651580039714,2.4493611942652422,7.790740005505171,0.5,1
45.40536961446261,2.873992526109892,10.04811540411609,0.5,1
45.51827607825712,2.89129541776649,10.311342750442485,0.5,1
45.262043365489745,3.138873072132315,9.851074953439152,0.5,1
45.624787259642254,2.652904199950208,8.453592594361261,0.5,1
45.16682658452929,2.921284210710013,9.464456154531263,0.5,1
45.25202046206772,2.6888156473666225,8.777394353961029,0.5,1
45.545990359265176,2.9497438474269524,9.984748128085087,0.5,1
45.30327196647536,3.1661852257456133,11.136611741751544,0.5,1
45.6535776010006,2.7088854189106595,9.00926250975882,0.5,1
45.3357983028298,3.225749746034872,10.431841391617539,0.5,1
45.50636712321464,2.9160111402215687,9.007609553920254,0.5,1
44.96302618484378,3.0812231019604126,9.40217053165263,0.5,1
45.18871126113554,3.134342377427326,8.7105057220124,0.5,1
45.75804797207807,2.918433215920237,9.299431844845472,0.5,1
45.50229837542729,2.956902470153866,10.27510262698658,0.5,1
45.188564238094514,2.860368461419771,8.873850694863286,0.5,1
45.53050753848792,2.651059910359644,9.712811156992984,0.5,1
46.30367602182185,2.1253840550637726,7.237619599949696,0.5,1
45.449469000155396,2.7762994290387324,9.297826815745218,0.5,1
45.80887949183681,2.6519814055523887,8.439779961098878,0.5,1
45.4864070893549,2.8757899123435298,8.9679165873345,0.5,1
45.7079779345394,2.821786684864167,9.874465826646244,0.5,1
45.62792042959923,2.9427039950269402,9.530156217047832,0.5,1
45.62646899734051,2.9421087793003258,9.276794960315279,0.5,1
45.655552573971335,2.8180651501832306,9.079184401799608,0.5,1
45.535364427041365,2.6879217061660325,9.460641751916306,0.5,1
45.76140446420246,2.9234094921555447,10.860798128019042,0.5,1
45.054601850420866,2.908750033541389,9.86576881171333,0.5,1
45.46795310340619,2.594325659008478,8.436951668758383,0.5,1
45.409398656284786,2.5714382245895093,7.690457834071793,0.5,1
45.4013098429873,2.9671606614670334,9.985315232773388,0.5,1
45.36526861885168,2.9944581282442106,10.536053715441753,0.5,1
45.70310559881532,3.1728074748854196,10.30745517515782,0.5,1
45.53649722805215,2.7751210263466275,8.392300867527723,0.5,1
45.27940149637333,2.9027931102413067,10.775753747041861,0.5,1
45.204699964343405,2.885942305592895,8.678573655886467,0.5,1
45.49150405497059,2.607022628193333,9.2659873201627,0.5,1
45.8642803021407,2.8134952138530362,8.678245942637282,0.5,1
45.57958313557725,2.8745755854645774,9.970750343641939,0.5,1
45.315668011670915,3.3277592044670916,9.911061411360045,0.5,1
45.52979180603275,2.9932258145164394,10.206814202232579,0.5,1
46.00178880903605,3.719930813758497,16.476886365778256,0.5,1
45.398099552825876,2.6044785413758476,8.782513095862022,0.5,1
45.27313519489414,2.642690870561293,9.289395211730266,0.5,1
45.81513595209869,3.1486765189176444,9.220184417484042,0.5,1
45.64736622555125,2.386529925429872,7.346629865370694,0.5,1
45.40295130378562,2.985153011931906,8.82650962013031,0.5,1
46.05651231627321,1.9800718882309425,6.974466791084765,0.5,1
45.640674465979124,2.752532622655409,9.40192865979558,0.5,1
45.63839481512094,2.869029472094375,9.728687870352289,0.5,1
45.349589791557904,2.636738250953535,8.56107053860989,0.5,1
45.74704329998937,2.73507081158971,8.606993023811,0.5,1
45.728312430232045,2.7139336555682,8.104909774702946,0.5,1
45.7048418761668,2.5884379289552544,10.098140570353316,0.5,1
45.795514709606294,2.8340458335820333,8.519700841216661,0.5,1
45.82213980759993,2.960697090763095,10.261024682486145,0.5,1
45.52622216789707,2.5484107286913003,8.741950887383254,0.5,1
45.81225176096207,2.523512963052142,8.871881055075669,0.5,1
45.55727925922415,2.9141250163139696,10.47668427412976,0.5,1
45.69759439999685,2.825835437888923,8.952557451931625,0.5,1
45.814434390689364,3.5323832474815906,14.616620678365095,0.5,1
45.70235440942813,2.7877051100637624,9.302398389328438,0.5,1
45.58123634074978,2.888142833405081,8.807751602212335,0.5,1
45.53935028498723,2.7716120344637667,8.89327976447597,0.5,1
45.30599126217494,3.1432940057588676,9.796860792369472,0.5,1
45.62056532969989,2.7873154441837324,9.523602532897428,0.5,1
45.14927576532777,2.722646758299363,8.749706827049032,0.5,1
45.52140659482483,2.562687449080576,9.309513546356627,0.5,1
45.25879606012177,2.811863333799104,9.236469674564631,0.5,1
45.66411723855793,2.940067317331968,9.505326512915481,0.5,1
45.886516818556984,3.134786726400779,9.872233859524975,0.5,1
45.57193897839298,3.1411842468975033,10.608670306368595,0.5,1
45.60804965776017,2.8807082657372223,10.767009241184091,0.5,1
45.4545306438813,3.086417967784222,9.695170581854967,0.5,1
45.69930210047478,2.826804883487137,8.990588029606315,0.5,1
45.2837542571005,2.9941511418385223,8.929164723180023,0.5,1
45.287760183388606,2.622341513834249,8.02533923067552,0.5,1
45.23798465291101,3.131273523976979,9.929045708347871,0.5,1
45.69407067476748,3.0956667943756777,10.261569064348706,0.5,1
45.49722415166141,3.134553643419997,10.047921209018376,0.5,1
45.60905580971958,2.792728703574359,9.731978757705456,0.5,1
45.734251384831,2.7200242283439415,8.713758072931384,0.5,1
45.57600008789583,3.2834651335070437,10.921231845974226,0.5,1
45.589592762296235,3.0643222787678637,9.92307021465583,0.5,1
45.588179649645866,2.6833230143552247,9.692669744262858,0.5,1
45.48158105974808,2.762873166339266,9.63809801355113,0.5,1
44.9839363897943,2.6094490148372724,9.510174225754056,0.5,1
45.61126197666076,3.2023300019633405,10.457390633478973,0.5,1
45.502835971425775,2.758350182214053,9.30827411677484,0.5,1
45.14763675775507,3.119374949322696,10.041691887615862,0.5,1
45.74908555324483,3.0375062126723797,9.573621818596742,0.5,1
45.70872678099964,2.632081176381562,8.733022155481791,0.5,1
45.88046313229825,2.6779911499897584,9.131946831956306,0.5,1
45.177021935191924,2.9548080920351394,9.302582113821657,0.5,1
45.71201073014244,2.7929896267751415,9.903725448407648,0.5,1
45.56817813070984,2.888627368585793,9.465878409224658,0.5,1
45.43794889324921,2.828922696699179,9.156661750629084,0.5,1
45.8107090389019,2.859796860459873,9.18339023329527,0.5,1
46.33129776435473,2.2282835650573314,7.318511055451005,0.5,1
45.12563192950439,3.1851423297758608,10.668860024762978,0.5,1
45.26732227901431,2.8896400318552025,9.586948239781037,0.5,1
45.19013496594724,2.80412394175546,8.565498501982525,0.5,1
45.53235190444811,2.8845583343939003,8.368742566594989,0.5,1
45.33951125947417,2.75869233327629,9.916315635421164,0.5,1
45.55190714858935,2.9758063802364974,10.89607871619372,0.5,1
45.93370186576756,3.1604940933407457,14.009219114250158,0.5,1
45.04679373882289,3.2101215793004063,11.46840244804774,0.5,1
45.81498186397411,3.170033651263245,11.5182341790277,0.5,1
45.8584556436207,2.871579483590419,9.673865360917965,0.5,1
45.39824578001554,2.942334957184023,9.539690219257501,0.5,1
45.3791389741299,2.765767379632752,8.975819224642564,0.5,1
45.633706083021245,2.676669240106499,9.136946076501253,0.5,1
45.533205310022694,2.8390812747475294,8.345348415270145,0.5,1
45.511464150050806,2.956041418468606,9.620847182948637,0.5,1
45.30751337080125,2.7742426210358073,9.478999382715962,0.5,1
45.10690094779229,2.9187473831875583,9.995487275202414,0.5,1
45.74611924190081,2.6861087921525653,8.386323234920937,0.5,1
45.536065031503384,2.665117210682116,9.281205604574104,0.5,1
45.95497421952382,3.520067141398152,15.478335767863854,0.5,1
45.64109290342639,2.6611278927004025,8.675406121122016,0.5,1
45.52406442124554,2.9881436863270947,9.969768518375702,0.5,1
45.64574822042935,2.8578613292288053,9.262434064658123,0.5,1
45.468081648111486,2.9673734624925063,10.044808961426561,0.5,1
45.73125319363748,2.788688983305329,9.758277447416042,0.5,1
45.456323109861074,3.039507481159372,10.184856128956206,0.5,1
45.71207304888216,2.968087390513504,9.309889841784177,0.5,1
45.39856523976859,2.6096853749392555,8.590687050240867,0.5,1
45.85883335710705,2.8363907055751487,10.114064403020492,0.5,1
45.193070751143274,3.019870569564786,9.004053822242213,0.5,1
45.3508519880211,2.6625060701373817,10.18697157857342,0.5,1
45.705506648535774,2.869656099561521,9.134567238533606,0.5,1
45.1520980422254,3.2636754101213272,10.649140203363302,0.5,1
45.79944184101476,2.9155223456610306,9.637975915178693,0.5,1
45.42352973399043,2.6802910684223065,8.1153054829648,0.5,1
60.9577005161347,21.096503131442223,58.573553498492565,0.5,2
60.21345729093775,20.210839745718623,57.014912964659686,0.5,2
59.861366561340766,20.351452860335787,58.15112979002187,0.5,2
59.698438608040995,20.28202439648291,57.15616075944755,0.5,2
59.74909441178722,20.737411647027336,58.944082713282455,0.5,2
59.76658811388978,20.794293857406693,58.602030142498165,0.5,2
59.38564843882126,20.61999093682201,58.79380173598135,0.5,2
59.542522849147815,20.339895897308452,57.50877775832287,0.5,2
60.63008747777521,20.698153116488694,57.90088823389216,0.5,2
59.97391428288721,20.4163623750294,57.66613483553472,0.5,2
59.66354301678667,20.294594641386855,57.53677161189661,0.5,2
60.295930224401374,20.51925649512664,58.45571095737169,0.5,2
60.046195262628615,20.40109089858137,57.148998528264364,0.5,2
59.75776150254368,20.610721318648203,58.704454390889495,0.5,2
59.76823639384523,20.532710808886556,58.326593219663806,0.5,2
60.29026303465236,20.450405782060738,58.23824191428687,0.5,2
59.80664109541551,20.533699388800486,57.82715353152061,0.5,2
60.14463594524665,20.48993448234193,57.823220219385796,0.5,2
60.02726139005719,20.848278737831777,58.87942646933044,0.5,2
59.755919705574414,20.393757561392615,57.86396826424006,0.5,2
59.71709841849488,20.275343974443565,57.237312917242555,0.5,2
60.041770792212844,20.443774404909725,57.95712139474118,0.5,2
60.354903454380384,20.497381372691876,58.160546641724764,0.5,2
59.880808847964566,20.659903762041527,58.31000142834564,0.5,2
59.65514381377918,20.739603495111137,59.77646813351296,0.5,2
59.717230551181146,20.79514720399504,59.04888918960324,0.5,2
59.740253025466146,20.509550259360633,58.68126599696096,0.5,2
59.82499469928485,20.679190879530324,58.53686709869788,0.5,2
60.104369489529255,20.569512709210613,58.72592184487479,0.5,2
59.92486174230064,20.340736908576883,57.63175682367985,0.5,2
59.87844008544444,20.604221138487087,59.02664725285472,0.5,2
59.796925961329734,20.519352501130104,58.11931201792617,0.5,2
60.357255472636105,20.099091466829297,56.740713156770354,0.5,2
60.03768847096363,20.67435502000593,58.61045761757825,0.5,2
59.83390280339845,20.62592614526334,58.17778045134591,0.5,2
60.11188104804487,20.713852660015753,58.619705253844586,0.5,2
60.257320429417376,20.4341370254443,57.85363508961372,0.5,2
59.99625527557805,20.390257545630657,58.2305136759011,0.5,2
59.850591639152256,20.66822717162699,57.71491138638591,0.5,2
60.07425656524483,20.520290548634975,57.613469950076414,0.5,2
60.03571963014558,19.93430710257457,56.76662125528694,0.5,2
60.07984349734601,20.312086069131244,57.955863217034874,0.5,2
60.2158971958044,20.612821333721268,58.46286373579788,0.5,2
59.623941128565995,20.411807191550338,58.55584985922616,0.5,2
59.9992838004789,20.341947940564303,57.6954188529195,0.5,2
60.53171340944693,20.451339212031,58.189896257648265,0.5,2
59.924869336496904,20.130117345889744,57.94253612528709,0.5,2
60.06348597549742,20.89577398686117,57.85258594218931,0.5,2
59.781761438935476,20.334269558613176,56.999203780965935,0.5,2
59.98148752523204,20.412503772016336,57.42339262875326,0.5,2
60.00528767738013,20.570992232134834,58.276411538910054,0.5,2
60.1145421734295,20.877484742790877,58.831093714700174,0.5,2
59.72218321091844,20.407689336049902,58.27013663154642,0.5,2
60.20419505766458,19.96274006470148,56.06895899842019,0.5,2
59.96253170402687,20.463032888518597,57.52660708697247,0.5,2
59.88287585796863,20.528077444489256,58.94977984435319,0.5,2
60.08587451113459,20.441112282977862,57.91960140751987,0.5,2
60.41669878109247,20.536044903626035,58.5929759010298,0.5,2
59.603430143026486,20.42091679694854,57.901214595311636,0.5,2
60.10284920763299,20.202539733509667,57.59777077862756,0.5,2
60.2172903761119,20.503559481407716,57.94678360564296,0.5,2
60.1295815962374,20.755184231007668,58.12844096913041,0.5,2
59.85919553502115,20.60113075361701,58.340904526445925,0.5,2
59.948442437513535,20.449997028637274,58.22799654185796,0.5,2
59.67338869132225,20.445944573758965,58.57146230053136,0.5,2
60.1544604369999,20.07271544971255,57.07708473749088,0.5,2
60.14827567670177,20.533407941209468,59.38524500639874,0.5,2
59.965777453729096,19.973972146380007,56.95402437345649,0.5,2
60.033118489351956,20.27590539282189,56.74740488172564,0.5,2
60.2826954071359,20.350445051000747,57.756369819707146,0.5,2
59.854649966854886,20.467090809204958,57.87713165780481,0.5,2
60.305971577849235,20.584159725422456,57.710480961330866,0.5,2
59.85570916858513,20.379851013169993,58.5639750463908,0.5,2
60.04028977683989,20.400090112781985,57.34424502310623,0.5,2
59.99923246658374,20.637986125919245,57.6270223236657,0.5,2
59.6218391042561,20.13067077446259,56.57897146461754,0.5,2
59.98100817489116,20.307065665470734,58.012260157735895,0.5,2
60.0066475839975,20.315714230452567,57.4404714124165,0.5,2
60.078466883625964,20.732004345900005,58.6259611748937,0.5,2
59.88199040081281,20.744229441827155,57.860363922731786,0.5,2
59.83735680520063,20.745878107679903,58.85636138661411,0.5,2
60.23017833602168,20.346029403497283,57.94085801373396,0.5,2
60.03938330768531,20.616050122843376,58.4513185257676,0.5,2
60.01056959107797,20.36584977918244,57.32101262180893,0.5,2
60.05170418084514,20.57660142436579,59.05284266629052,0.5,2
59.679644066991585,20.233198420422042,57.29983927237471,0.5,2
59.6716649572055,20.324331102721644,58.0382852124751,0.5,2
60.02326844316531,20.606488851288418,58.57830548640742,0.5,2
59.856221916258285,20.641078008115738,57.76288355955887,0.5,2
59.559996755543935,20.80440573557619,58.52686069140128,0.5,2
59.97077067872631,20.23004789991002,56.87113618797508,0.5,2
60.008456289188,20.875254723979253,58.03508951456635,0.5,2
60.433990384274004,20.355185626934695,57.987614379008804,0.5,2
60.18438391916174,20.710461406342557,58.76142707391598,0.5,2
59.95452894491018,20.614991200366635,58.607143001757116,0.5,2
59.99775823911343,20.82497919364378,58.04653592536607,0.5,2
60.746887849383626,20.819291627039075,58.47153225083109,0.5,2
59.97063515042409,20.247214734404903,57.78124177559732,0.5,2
59.92384026052081,20.429195182476533,58.42625758922448,0.5,2
60.26332295258219,20.33291655154102,56.63684731825444,0.5,2
59.79861624408499,20.711027150793754,58.82205733295286,0.5,2
59.64609287451499,20.510283086602623,57.93394385197203,0.5,2
60.04331675016266,20.628181915329762,58.7903060786305,0.5,2
59.521152813627744,20.74741052858683,58.72372833230934,0.5,2
60.36417559307827,20.57783817318044,58.824427939523886,0.5,2
59.73473441156369,20.53526380501674,57.72605616626883,0.5,2
59.88825512484331,20.98984825966419,59.18480868785923,0.5,2
59.73559961428434,20.40556016158486,57.894471964571046,0.5,2
60.53735262530874,20.27572156922631,57.27409806915364,0.5,2
59.86166244601203,20.595472430648165,58.16067138991343,0.5,2
59.9475966205318,20.035058143283987,57.102699264891285,0.5,2
60.31728352096149,20.636794520427653,58.98985893640713,0.5,2
59.79109474053188,20.312928466345046,57.986299444778226,0.5,2
59.62586197751002,20.431419536616545,57.72827502318913,0.5,2
60.06070482409961,20.302850400103036,56.86817519253587,0.5,2
59.77197579230378,20.44808737515008,57.52892336648296,0.5,2
59.72688776427369,20.40941261322734,57.85843557532522,0.5,2
60.09238019618709,20.495334948348543,57.9429881000118,0.5,2
60.10687485609973,20.58321917467628,58.52791081003456,0.5,2
60.030355709155465,20.474684510788727,58.455474963387374,0.5,2
59.892433536113515,20.61362405843252,57.9919552305047,0.5,2
60.06447937207193,20.387557275759132,57.3168017222391,0.5,2
59.78729823699095,20.434760280458335,57.38389724991117,0.5,2
60.13319372559167,20.41324683836668,57.09823191404709,0.5,2
59.817251483345956,20.61953716233868,58.35577390584746,0.5,2
59.72984940366764,20.58395044478,57.51595816804377,0.5,2
59.928362300667814,20.596281488900832,58.490727880054415,0.5,2
60.02706419494082,20.41839296911501,58.74518977969386,0.5,2
59.746847090475114,20.57788135853758,58.657152835758666,0.5,2
60.218959189224364,20.77650745069909,59.154401385812605,0.5,2
60.393605127088506,20.48708804509039,58.59395065746222,0.5,2
60.11847034146637,20.585874820026454,58.489539426716206,0.5,2
59.752613782838026,20.449803249459865,58.042956525401266,0.5,2
60.5057856326284,20.63022721494311,58.4312730326561,0.5,2
59.99572469296531,20.257568519545888,57.42600772696616,0.5,2
59.93989835723597,20.690111951388925,58.5611001795153,0.5,2
60.075125520347044,20.586186914903433,58.29724134077371,0.5,2
59.637818069857325,20.840773545820642,59.026064812200445,0.5,2
60.117922570413924,20.455111100361275,58.62554581009676,0.5,2
60.13347617056922,20.71418126007826,58.64653867952907,0.5,2
60.080095633248256,20.722621446933907,59.126363310410724,0.5,2
60.08404337443849,20.22944584142648,56.853457713978976,0.5,2
60.44531227631391,20.471573716324343,57.9900631225978,0.5,2
60.0238689242606,20.79877278879789,59.08060065979908,0.5,2
59.886730201512634,20.339577159314686,57.285229547765155,0.5,2
59.95396011080766,20.619548153638405,58.27864614877741,0.5,2
59.924448388826065,20.267181347125987,57.018418138247014,0.5,2
60.25201542137349,20.510673743478712,57.45161023933723,0.5,2
60.13741394630827,20.514724621198077,57.8165167409991,0.5,2
59.99215242014541,20.109557353638966,57.30463283196177,0.5,2
59.86906986426942,20.452408723945,58.35178562327845,0.5,2
60.18300174853256,20.386161324117154,57.96149694682329,0.5,2
59.97766990083957,20.388847874348247,57.94787375294385,0.5,2
60.29646615825528,20.104842313625312,56.593184918603235,0.5,2
59.62776165133248,20.250403665797144,57.48755049267996,0.5,2
60.13067526348105,20.568550573866386,58.62370191045855,0.5,2
60.0900432307122,20.36142954428946,57.64347119897895,0.5,2
59.85578464538067,20.372195983213317,57.7749421442259,0.5,2
60.211245646270434,20.624869285356986,58.9279716000173,0.5,2
59.94095571457239,20.416381225786104,57.80404156721851,0.5,2
59.8688682033978,20.964369875212707,58.68331378069957,0.5,2
60.078823559557826,20.395878369369832,57.75149226496584,0.5,2
59.92734684462006,20.679118489743626,58.740081178446694,0.5,2
59.81365488392228,20.587244056853784,58.600470417929614,0.5,2
59.71517974645515,20.487622762540994,57.66304959323254,0.5,2
59.783899325916956,20.493903216489525,58.11648405619296,0.5,2
60.12333383557902,20.373272647341633,58.31250580327719,0.5,2
60.00600855875186,20.272903126686767,57.157187412152325,0.5,2
60.17833281237664,20.813302044655714,59.40710259467267,0.5,2
59.90358912762729,20.156946071986653,57.04177510100908,0.5,2
59.91002319029923,20.28963078827297,57.793766266400425,0.5,2
59.88791145517147,20.586822911875103,58.059442001087554,0.5,2
59.96058008416393,20.25498177806502,57.66380580771006,0.5,2
60.21938964864776,20.676673977597943,58.14782065665596,0.5,2
59.894659440781446,20.285712085091696,58.005814550937274,0.5,2
60.04396385112971,20.087499254968773,57.08461300668303,0.5,2
60.23427402549166,20.57173239642912,58.307284861119946,0.5,2
59.83177578968744,20.350419368101257,57.9991653922653,0.5,2
60.150803043821746,20.818665444800903,58.93527159451601,0.5,2
60.12955445535285,20.925860482135636,57.851954446443955,0.5,2
59.632248769603905,20.539904684055276,58.299043930572196,0.5,2
60.6029048365571,20.327394759205852,57.98499397402607,0.5,2
59.870738329442226,20.45183596031176,57.89649094213739,0.5,2
60.131967303958234,20.707773655409717,58.431954606846006,0.5,2
59.75569380803187,20.642088070811294,57.96583492530676,0.5,2
59.866980445535795,20.560403208872703,58.37191406643021,0.5,2
59.82513184378764,20.534266246379953,57.88098087992201,0.5,2
60.23146101860268,20.36372806499717,57.14880663199388,0.5,2
60.21360237948168,20.568147234240747,58.3690850791274,0.5,2
60.222285524014985,20.206312403818107,57.45121148478944,0.5,2
59.6230667571444,20.29921831521832,58.08128274184216,0.5,2
60.2765097936449,20.278487860322926,57.941106310113554,0.5,2
59.904141700013206,20.62474033758855,58.90881107385354,0.5,2
59.973121126716926,20.599322491845836,58.19594406930838,0.5,2
60.18422853422849,20.382660047586164,57.42955407724807,0.5,2
59.99963924406715,20.80693493653184,59.17238729368519,0.5,2
60.15450793950253,20.304917776329663,57.725029123162535,0.5,2
59.92987818119204,20.15113430153722,56.978919734735115,0.5,2
59.88732655776791,20.714125784917925,58.53838665933198,0.5,2
60.2176164547557,20.867844683337694,58.30147188623732,0.5,2
