timestamp,final_recovered
0.000000,43.143675
0.020007,43.433002
0.040013,43.724139
0.060020,43.861627
0.080027,44.196051
0.100033,44.334419
0.120040,44.755682
0.140047,44.967325
0.160053,45.578390
0.180060,45.924985
0.200067,46.222846
0.220073,46.949875
0.240080,47.669952
0.260087,48.368454
0.280093,49.014964
0.300100,49.387678
0.320107,49.792505
0.340113,50.284188
0.360120,50.772058
0.380127,51.338389
0.400133,52.279478
0.420140,52.565729
0.440147,53.034966
0.460153,53.266932
0.480160,53.838806
0.500167,54.146201
0.520173,54.299889
0.540180,54.330478
0.560187,54.616457
0.580193,54.955561
0.600200,55.364308
0.620207,55.789789
0.640213,55.853408
0.660220,56.202664
0.680227,56.310397
0.700233,56.159792
0.720240,56.485595
0.740247,56.548628
0.760253,56.906719
0.780260,56.981484
0.800267,57.343918
0.820273,57.457452
0.840280,57.688545
0.860287,57.873289
0.880293,57.872346
0.900300,58.006125
0.920307,57.824183
0.940313,58.136977
0.960320,58.186713
0.980327,58.126228
1.000333,58.023881
1.020340,57.966471
1.040347,58.196114
1.060353,58.079704
1.080360,58.358447
1.100367,58.289794
1.120373,58.569780
1.140380,58.372608
1.160387,58.505725
1.180393,58.634738
1.200400,58.582105
1.220407,58.987544
1.240413,58.925893
1.260420,58.873446
1.280427,58.887528
1.300433,58.956114
1.320440,59.089863
1.340447,59.066413
1.360453,58.857093
1.380460,58.582718
1.400467,58.467561
1.420473,58.303167
1.440480,58.398105
1.460487,58.215619
1.480493,58.234083
1.500500,58.095117
1.520507,57.747649
1.540514,57.826207
1.560520,57.783528
1.580527,57.679108
1.600534,57.699889
1.620540,57.306040
1.640547,57.296489
1.660554,57.391769
1.680560,57.198144
1.700567,57.364596
1.720574,57.227878
1.740580,56.972532
1.760587,56.860896
1.780594,56.543070
1.800600,56.312662
1.820607,56.201558
1.840614,55.850226
1.860620,55.763136
1.880627,55.568630
1.900634,55.410772
1.920640,55.323701
1.940647,54.893324
1.960654,54.403075
1.980660,54.145311
2.000667,53.607433
2.020674,53.271329
2.040680,53.214774
2.060687,52.814523
2.080694,52.365105
2.100700,52.008733
2.120707,51.406260
2.140714,50.772347
2.160720,50.075661
2.180727,49.557682
2.200734,48.804248
2.220740,48.152845
2.240747,47.641679
2.260754,47.250345
2.280760,46.870713
2.300767,46.126444
2.320774,45.488592
2.340780,44.757388
2.360787,44.198520
2.380794,43.712261
2.400800,43.290697
2.420807,42.718028
2.440814,42.350795
2.460820,41.757015
2.480827,41.202928
2.500834,40.655446
2.520840,40.051407
2.540847,39.290857
2.560854,38.589639
2.580860,37.931022
2.600867,37.317534
2.620874,36.548991
2.640880,35.835878
2.660887,35.166783
2.680894,34.400508
2.700900,33.643158
2.720907,32.901620
2.740914,32.153993
2.760920,31.577877
2.780927,31.040834
2.800934,30.314503
2.820940,29.883679
2.840947,29.495009
2.860954,29.016413
2.880960,28.408310
2.900967,27.957749
2.920974,27.673447
2.940980,27.203637
2.960987,26.965821
2.980994,26.593528
3.001000,26.243866
3.021007,26.185463
3.041014,25.683118
3.061020,25.340188
3.081027,24.947941
3.101034,24.772851
3.121040,24.420776
3.141047,24.016347
3.161054,23.785406
3.181060,23.792481
3.201067,23.756220
3.221074,23.527652
3.241080,23.458888
3.261087,23.104372
3.281094,23.100924
3.301100,22.872701
3.321107,22.689177
3.341114,22.687870
3.361120,22.736999
3.381127,22.856589
3.401134,22.797050
3.421140,22.790548
3.441147,22.832826
3.461154,23.017867
3.481160,22.744874
3.501167,22.613592
3.521174,22.578473
3.541180,22.581214
3.561187,22.573508
3.581194,22.460545
3.601200,22.380533
3.621207,22.437503
3.641214,22.507439
3.661220,22.418700
3.681227,22.217094
3.701234,22.195726
3.721240,22.176087
3.741247,22.344406
3.761254,22.102722
3.781260,22.050847
3.801267,22.012824
3.821274,21.845985
3.841280,21.823715
3.861287,21.767415
3.881294,21.868937
3.901300,21.963334
3.921307,21.862337
3.941314,21.866154
3.961320,21.922556
3.981327,22.004568
4.001334,22.012210
4.021340,22.113493
4.041347,21.989271
4.061354,22.111603
4.081360,22.251937
4.101367,22.490767
4.121374,22.619770
4.141380,22.752743
4.161387,22.743064
4.181394,22.808753
4.201400,22.931508
4.221407,23.093698
4.241414,23.249046
4.261420,23.349353
4.281427,23.431733
4.301434,23.640685
4.321440,23.669401
4.341447,23.952168
4.361454,24.250254
4.381460,24.574713
4.401467,24.786272
4.421474,25.189986
4.441480,25.544063
4.461487,26.020846
4.481494,26.437411
4.501501,26.669384
4.521507,26.990401
4.541514,27.319370
4.561521,27.840473
4.581527,28.399322
4.601534,29.075984
4.621541,29.683704
4.641547,30.180528
4.661554,30.679080
4.681561,31.244677
4.701567,31.689536
4.721574,32.251235
4.741581,32.524666
4.761587,33.155138
4.781594,33.518949
4.801601,34.356962
4.821607,35.050771
4.841614,35.986108
4.861621,36.509006
4.881627,37.119781
4.901634,37.462084
4.921641,38.045177
4.941647,38.515971
4.961654,38.993144
4.981661,39.549693
5.001667,40.166285
5.021674,40.876223
5.041681,41.687243
5.061687,42.043444
5.081694,42.805762
5.101701,43.187895
5.121707,43.786908
5.141714,44.120058
5.161721,44.717529
5.181727,45.372051
5.201734,46.115490
5.221741,46.657359
5.241747,47.261700
5.261754,47.780672
5.281761,48.473396
5.301767,49.102945
5.321774,49.593230
5.341781,49.912666
5.361787,50.574389
5.381794,51.133763
5.401801,51.832117
5.421807,52.293137
5.441814,52.692663
5.461821,53.121641
5.481827,53.513872
5.501834,53.791236
5.521841,53.937155
5.541847,54.351737
5.561854,54.760164
5.581861,54.826656
5.601867,55.182424
5.621874,55.432031
5.641881,55.836085
5.661887,56.010580
5.681894,56.224170
5.701901,56.197338
5.721907,56.387401
5.741914,56.832119
5.761921,56.917098
5.781927,57.018121
5.801934,57.149115
5.821941,57.368570
5.841947,57.501736
5.861954,57.548418
5.881961,57.760662
5.901967,57.668321
5.921974,57.568036
5.941981,57.728463
5.961987,57.809870
5.981994,57.761560
6.002001,57.938069
6.022007,57.857088
6.042014,57.793768
6.062021,58.096384
6.082027,58.040565
6.102034,58.140519
6.122041,58.241669
6.142047,58.036529
6.162054,58.087876
6.182061,57.994027
6.202067,57.974895
6.222074,57.852424
6.242081,57.771581
6.262087,57.656411
6.282094,57.518720
6.302101,57.449493
6.322107,57.396752
6.342114,57.262815
6.362121,57.108381
6.382127,57.235805
6.402134,57.237223
6.422141,57.278154
6.442147,57.319343
6.462154,57.398639
6.482161,57.365251
6.502167,57.361646
6.522174,57.528068
6.542181,57.558463
6.562187,57.644325
6.582194,58.002263
6.602201,58.064060
6.622207,58.157101
6.642214,58.071088
6.662221,57.873267
6.682227,57.607499
6.702234,57.484003
6.722241,57.253725
6.742247,57.315895
6.762254,57.077210
6.782261,56.966113
6.802267,56.980671
6.822274,56.634853
6.842281,56.290778
6.862287,56.141000
6.882294,55.524630
6.902301,55.233482
6.922307,54.879272
6.942314,54.499444
6.962321,54.233846
6.982327,54.021545
7.002334,53.519167
7.022341,53.339262
7.042347,52.944779
7.062354,52.594791
7.082361,52.119526
7.102367,51.562888
7.122374,51.190568
7.142381,50.832493
7.162387,50.308173
7.182394,49.871218
7.202401,49.233370
7.222407,48.542577
7.242414,48.072105
7.262421,47.383302
7.282427,46.731759
7.302434,46.379799
7.322441,45.756374
7.342447,44.904990
7.362454,44.141408
7.382461,43.548709
7.402467,42.869519
7.422474,42.282119
7.442481,41.539556
7.462487,40.708226
7.482494,40.087398
7.502501,39.491938
7.522508,39.001857
7.542514,38.535310
7.562521,38.018213
7.582528,37.405316
7.602534,36.782303
7.622541,36.136332
7.642548,35.561034
7.662554,35.072676
7.682561,34.498430
7.702568,34.026150
7.722574,33.376735
7.742581,32.878555
7.762588,32.528259
7.782594,31.854778
7.802601,31.366438
7.822608,30.786231
7.842614,30.174937
7.862621,29.533368
7.882628,28.923064
7.902634,28.428314
7.922641,27.838143
7.942648,27.421006
7.962654,26.966617
7.982661,26.543701
8.002668,26.083812
8.022674,25.775330
8.042681,25.272221
8.062688,24.733467
8.082694,24.469207
8.102701,24.079994
8.122708,23.921375
8.142714,23.677473
8.162721,23.576412
8.182728,23.525347
8.202734,23.351093
8.222741,23.245994
8.242748,23.210358
8.262754,23.127101
8.282761,22.988443
8.302768,22.781430
8.322774,22.904460
8.342781,22.941792
8.362788,23.147537
8.382794,23.054167
8.402801,23.164795
8.422808,23.161708
8.442814,23.213148
8.462821,23.136495
8.482828,22.994564
8.502834,22.752423
8.522841,22.624914
8.542848,22.740766
8.562854,22.807510
8.582861,22.750397
8.602868,22.814588
8.622874,22.691560
8.642881,22.729182
8.662888,22.652612
8.682894,22.856721
8.702901,22.615771
8.722908,22.636393
8.742914,22.411999
8.762921,22.622897
8.782928,22.668114
8.802934,22.918220
8.822941,23.099393
8.842948,23.057407
8.862954,22.704812
8.882961,22.606636
8.902968,22.650898
8.922974,22.717463
8.942981,22.657515
8.962988,22.599574
8.982994,22.618159
9.003001,22.622999
9.023008,22.521551
9.043014,22.452800
9.063021,22.371223
9.083028,22.560284
9.103034,22.504349
9.123041,22.651313
9.143048,22.741661
9.163054,23.020981
9.183061,23.364623
9.203068,23.367147
9.223074,23.588120
9.243081,23.735384
9.263088,23.852161
9.283094,24.108118
9.303101,24.534935
9.323108,24.814284
9.343114,25.208408
9.363121,25.651829
9.383128,25.740452
9.403134,26.067451
9.423141,26.249626
9.443148,26.355572
9.463154,26.771095
9.483161,26.961756
9.503168,27.239836
9.523174,27.339692
9.543181,27.631672
9.563188,27.932525
9.583194,28.120402
9.603201,28.530278
9.623208,28.831586
9.643214,29.332755
9.663221,29.662818
9.683228,30.198336
9.703234,30.576151
9.723241,31.067332
9.743248,31.728765
9.763254,32.232841
9.783261,32.778796
9.803268,33.567221
9.823274,34.329732
9.843281,35.096996
9.863288,35.923308
9.883294,36.666010
9.903301,37.209565
9.923308,38.027862
9.943314,38.689996
9.963321,39.052139
9.983328,39.662170
10.003334,40.485736
10.023341,41.132687
10.043348,41.822396
10.063354,42.408818
10.083361,43.005383
10.103368,43.467558
10.123374,44.086551
10.143381,44.636678
10.163388,45.164449
10.183394,45.645334
10.203401,46.014878
10.223408,46.539944
10.243414,47.119968
10.263421,47.923183
10.283428,48.550153
10.303434,48.999034
10.323441,49.429469
10.343448,49.870895
10.363454,50.468731
10.383461,51.066373
10.403468,51.618514
10.423474,51.851844
10.443481,52.271144
10.463488,52.764311
10.483494,53.058993
10.503501,53.667630
10.523508,54.141290
10.543515,54.394590
10.563521,54.590934
10.583528,54.730535
10.603535,55.181934
10.623541,55.463837
10.643548,55.642441
10.663555,55.942315
10.683561,56.130532
10.703568,56.262679
10.723575,56.574866
10.743581,56.770762
10.763588,56.918538
10.783595,57.068795
10.803601,57.260876
10.823608,57.428753
10.843615,57.444287
10.863621,57.600942
10.883628,57.811002
10.903635,57.843326
10.923641,58.180173
10.943648,58.187430
10.963655,58.176389
10.983661,57.987254
11.003668,58.027301
11.023675,58.151768
11.043681,58.046614
11.063688,58.116543
11.083695,58.126800
11.103701,57.874217
11.123708,57.794664
11.143715,57.948085
11.163721,58.070723
11.183728,58.088976
11.203735,57.979084
11.223741,57.606884
11.243748,57.545094
11.263755,57.530700
11.283761,57.673677
11.303768,57.906461
11.323775,57.734774
11.343781,57.910849
11.363788,57.691168
11.383795,57.870314
11.403801,58.086025
11.423808,57.955309
11.443815,57.758620
11.463821,57.649778
11.483828,57.687696
11.503835,57.298116
11.523841,57.553327
11.543848,57.588798
11.563855,57.492643
11.583861,57.567343
11.603868,57.433945
11.623875,57.568466
11.643881,57.455194
11.663888,57.437809
11.683895,57.211960
11.703901,57.039693
11.723908,57.042961
11.743915,56.787898
11.763921,56.554692
11.783928,56.336885
11.803935,56.461251
11.823941,56.112982
11.843948,55.848724
11.863955,55.559639
11.883961,55.304860
11.903968,54.775805
11.923975,54.472695
11.943981,54.257847
11.963988,54.061045
11.983995,53.710887
12.004001,53.454959
12.024008,52.963393
12.044015,52.845583
12.064021,52.460517
12.084028,51.988014
12.104035,51.622552
12.124041,51.161666
12.144048,50.619410
12.164055,50.255563
12.184061,49.469213
12.204068,49.029212
12.224075,48.179551
12.244081,47.598416
12.264088,46.959609
12.284095,46.399855
12.304101,45.881813
12.324108,45.487859
12.344115,44.957240
12.364121,44.370298
12.384128,43.677816
12.404135,42.921791
12.424141,42.301459
12.444148,41.923667
12.464155,41.275281
12.484161,40.860250
12.504168,40.153145
12.524175,39.637490
12.544181,38.969817
12.564188,38.416285
12.584195,37.771072
12.604201,37.053284
12.624208,36.221172
12.644215,35.466920
12.664221,34.800572
12.684228,34.266386
12.704235,33.620961
12.724241,33.159616
12.744248,32.581978
12.764255,32.072642
12.784261,31.595885
12.804268,31.164586
12.824275,30.576089
12.844281,30.112894
12.864288,29.488277
12.884295,28.919569
12.904301,28.446071
12.924308,28.016524
12.944315,27.678073
12.964321,27.257908
12.984328,26.816882
13.004335,26.550073
13.024341,26.326405
13.044348,25.942634
13.064355,25.472302
13.084361,25.197426
13.104368,24.915509
13.124375,24.822349
13.144381,24.548856
13.164388,24.305164
13.184395,24.221916
13.204401,23.866575
13.224408,23.631829
13.244415,23.411492
13.264421,23.372958
13.284428,23.207367
13.304435,22.978567
13.324441,22.588924
13.344448,22.543394
13.364455,22.319423
13.384461,22.308518
13.404468,22.233905
13.424475,21.985574
13.444481,21.893187
13.464488,21.947822
13.484495,21.832469
13.504502,22.074237
13.524508,22.266559
13.544515,22.227036
13.564522,22.071512
13.584528,22.191960
13.604535,22.208162
13.624542,22.209182
13.644548,22.004700
13.664555,22.241413
13.684562,22.334333
13.704568,22.492828
13.724575,22.672154
13.744582,22.592851
13.764588,22.571077
13.784595,22.685182
13.804602,22.454634
13.824608,22.177635
13.844615,22.153794
13.864622,22.161299
13.884628,22.030536
13.904635,22.220077
13.924642,22.344765
13.944648,22.472434
13.964655,22.368997
13.984662,22.270180
14.004668,22.275789
14.024675,22.200261
14.044682,22.254558
14.064688,22.177811
14.084695,22.159225
14.104702,22.111162
14.124708,22.269668
14.144715,22.477318
14.164722,22.670907
14.184728,22.878608
14.204735,22.901688
14.224742,23.019714
14.244748,23.081918
14.264755,23.276237
14.284762,23.324172
14.304768,23.495011
14.324775,23.725478
14.344782,23.978276
14.364788,24.313465
14.384795,24.548627
14.404802,25.100215
14.424808,25.427147
14.444815,25.784560
14.464822,26.042732
14.484828,26.180120
14.504835,26.563379
14.524842,26.744756
14.544848,26.965985
14.564855,27.457586
14.584862,27.903260
14.604868,28.400922
14.624875,29.032189
14.644882,29.518501
14.664888,30.056930
14.684895,30.587188
14.704902,31.003844
14.724908,31.647643
14.744915,32.247409
14.764922,32.792319
14.784928,33.646501
14.804935,34.269256
14.824942,34.876458
14.844948,35.525741
14.864955,36.185988
14.884962,36.834768
14.904968,37.327281
14.924975,37.901840
14.944982,38.435406
14.964988,39.001982
14.984995,39.565186
15.005002,40.200400
15.025008,40.248435
15.045015,40.658299
15.065022,41.338751
15.085028,41.807069
15.105035,42.444393
15.125042,43.345719
15.145048,44.168163
15.165055,44.850775
15.185062,45.672702
15.205068,46.114896
15.225075,46.556024
15.245082,47.343160
15.265088,47.967015
15.285095,48.520161
15.305102,48.403754
15.325108,49.351560
15.345115,49.876084
15.365122,50.373181
15.385128,51.046309
15.405135,51.293735
15.425142,51.489321
15.445148,51.925889
15.465155,52.138803
15.485162,52.366793
15.505168,52.834288
15.525175,53.400345
15.545182,53.604531
15.565188,53.828865
15.585195,54.339634
15.605202,55.425082
15.625208,55.789174
15.645215,56.072109
15.665222,56.238142
15.685228,56.184471
15.705235,56.557763
15.725242,56.718753
15.745248,56.882714
15.765255,57.145943
15.785262,57.224092
15.805268,57.431523
15.825275,57.424817
15.845282,57.517648
15.865288,57.533879
15.885295,57.649012
15.905302,57.640874
15.925308,57.699054
15.945315,57.865353
15.965322,58.054943
15.985328,58.093757
16.005335,58.184407
16.025342,58.394079
16.045348,58.357758
16.065355,58.387614
16.085362,58.286354
16.105368,58.159779
16.125375,58.297360
16.145382,58.344341
16.165388,58.419460
16.185395,58.418348
16.205402,58.534309
16.225408,58.477780
16.245415,58.403216
16.265422,58.426740
16.285428,58.656396
16.305435,58.531071
16.325442,58.304442
16.345448,58.239361
16.365455,58.158337
16.385462,58.224974
16.405468,58.362454
16.425475,58.071853
16.445482,58.103534
16.465488,58.195246
16.485495,57.979034
16.505502,57.777609
16.525509,57.775636
16.545515,57.796807
16.565522,57.569844
16.585529,57.354052
16.605535,57.241509
16.625542,57.109467
16.645549,57.096200
16.665555,56.920695
16.685562,56.846354
16.705569,56.806258
16.725575,56.712564
16.745582,56.468325
16.765589,56.128651
16.785595,55.920408
16.805602,55.781680
16.825609,55.697915
16.845615,55.371861
16.865622,55.192653
16.885629,55.141164
16.905635,55.090530
16.925642,55.031836
16.945649,54.714031
16.965655,54.490435
16.985662,54.314895
17.005669,54.002913
17.025675,53.654830
17.045682,53.218407
17.065689,52.937672
17.085695,52.600598
17.105702,51.991819
17.125709,51.320341
17.145715,50.686294
17.165722,50.157537
17.185729,49.386247
17.205735,48.679001
17.225742,48.148757
17.245749,47.699738
17.265755,47.013473
17.285762,46.077205
17.305769,45.521422
17.325775,44.981120
17.345782,44.358854
17.365789,43.903786
17.385795,43.259554
17.405802,42.685762
17.425809,42.028119
17.445815,41.511316
17.465822,40.755169
17.485829,40.226549
17.505835,39.705461
17.525842,39.173085
17.545849,38.329716
17.565855,37.835567
17.585862,37.279296
17.605869,36.583694
17.625875,35.893096
17.645882,35.161928
17.665889,34.405693
17.685895,33.914319
17.705902,33.575268
17.725909,33.057083
17.745915,32.430270
17.765922,32.193764
17.785929,31.870833
17.805935,31.254457
17.825942,30.439440
17.845949,30.093150
17.865955,29.529076
17.885962,29.064350
17.905969,28.357126
17.925975,28.074722
17.945982,28.031695
17.965989,27.579568
17.985995,27.095528
18.006002,26.760563
18.026009,26.492375
18.046015,26.298646
18.066022,25.996422
18.086029,25.605538
18.106035,25.367064
18.126042,25.168927
18.146049,24.927661
18.166055,24.663563
18.186062,24.454024
18.206069,24.436403
18.226075,24.160633
18.246082,23.773098
18.266089,23.886026
18.286095,23.842524
18.306102,23.611156
18.326109,23.557305
18.346115,23.374828
18.366122,23.056889
18.386129,22.661836
18.406135,22.469443
18.426142,22.537761
18.446149,22.427850
18.466155,22.481420
18.486162,22.498556
18.506169,22.297848
18.526175,22.119472
18.546182,22.097864
18.566189,21.712457
18.586195,21.375336
18.606202,21.340805
18.626209,21.346997
18.646215,21.373624
18.666222,21.315785
18.686229,21.611081
18.706235,21.551115
18.726242,21.610338
18.746249,21.486649
18.766255,21.389397
18.786262,21.387065
18.806269,21.473500
18.826275,21.496099
18.846282,21.668888
18.866289,21.908937
18.886295,22.159584
18.906302,22.089780
18.926309,22.093952
18.946315,22.133169
18.966322,22.260537
18.986329,22.041681
19.006335,22.294280
19.026342,22.379065
19.046349,22.599043
19.066355,22.505265
19.086362,22.715000
19.106369,22.661336
19.126375,22.771611
19.146382,22.783207
19.166389,22.747845
19.186395,23.012586
19.206402,23.208476
19.226409,23.362708
19.246415,23.454926
19.266422,23.740800
19.286429,24.199060
19.306435,24.152610
19.326442,24.098355
19.346449,24.291748
19.366455,24.747795
19.386462,24.792541
19.406469,25.246192
19.426475,25.589118
19.446482,25.611173
19.466489,25.960798
19.486495,26.170523
19.506502,26.471541
19.526509,26.708826
19.546516,27.191491
19.566522,27.576222
19.586529,27.739398
19.606536,28.174900
19.626542,28.693268
19.646549,29.207710
19.666556,29.607053
19.686562,30.249968
19.706569,30.606387
19.726576,31.159718
19.746582,31.990858
19.766589,32.701047
19.786596,33.393763
19.806602,34.119792
19.826609,34.677542
19.846616,35.297885
19.866622,35.806854
19.886629,36.413685
19.906636,37.078947
19.926642,37.687802
19.946649,38.376145
19.966656,38.933021
19.986662,39.554947
20.006669,40.306000
20.026676,41.093222
20.046682,41.784052
20.066689,42.242790
20.086696,42.661983
20.106702,43.142230
20.126709,43.790637
20.146716,44.240219
20.166722,44.877657
20.186729,45.644584
20.206736,46.263585
20.226742,47.002515
20.246749,47.575019
20.266756,48.244864
20.286762,48.714704
20.306769,49.373380
20.326776,49.923170
20.346782,50.448813
20.366789,50.935080
20.386796,51.483982
20.406802,51.927432
20.426809,52.382677
20.446816,52.687371
20.466822,53.169874
20.486829,53.517212
20.506836,53.869741
20.526842,54.163032
20.546849,54.382099
20.566856,54.632890
20.586862,54.944571
20.606869,55.098347
20.626876,55.251359
20.646882,55.270430
20.666889,55.373726
20.686896,55.676781
20.706902,55.862056
20.726909,55.995786
20.746916,56.041576
20.766922,56.057839
20.786929,56.248736
20.806936,56.435353
20.826942,56.508498
20.846949,56.640937
20.866956,56.827411
20.886962,56.920537
20.906969,57.063149
20.926976,56.874411
20.946982,56.900652
20.966989,56.965730
20.986996,56.891049
21.007002,56.886735
21.027009,57.044435
21.047016,57.552698
21.067022,57.647951
21.087029,57.714106
21.107036,57.868369
21.127042,57.860626
21.147049,57.943411
21.167056,58.014392
21.187062,58.018683
21.207069,57.870158
21.227076,58.178170
21.247082,58.376745
21.267089,58.458690
21.287096,58.438732
21.307102,58.523345
21.327109,58.370761
21.347116,58.167512
21.367122,58.096313
21.387129,58.102136
21.407136,58.014479
21.427142,58.158219
21.447149,58.023673
21.467156,57.950315
21.487162,58.054267
21.507169,58.227402
21.527176,58.213469
21.547182,57.968915
21.567189,57.967738
21.587196,57.924635
21.607202,57.838220
21.627209,57.824942
21.647216,57.611695
21.667222,57.494072
21.687229,57.264658
21.707236,57.153753
21.727242,56.802726
21.747249,56.902689
21.767256,56.761971
21.787262,56.475376
21.807269,56.228268
21.827276,55.910507
21.847282,55.892435
21.867289,55.591590
21.887296,55.209431
21.907302,54.878704
21.927309,54.665803
21.947316,54.483011
21.967322,54.491517
21.987329,54.111772
22.007336,53.814600
22.027342,53.450005
22.047349,52.976833
22.067356,52.490916
22.087362,52.008827
22.107369,51.441580
22.127376,50.716128
22.147382,50.215612
22.167389,49.780020
22.187396,49.592499
22.207402,49.053647
22.227409,48.429320
22.247416,47.893770
22.267422,47.123818
22.287429,46.543955
22.307436,45.861687
22.327442,45.233139
22.347449,44.353403
22.367456,43.868797
22.387462,43.164962
22.407469,42.645498
22.427476,42.405016
22.447482,41.600174
22.467489,40.908814
22.487496,40.063632
22.507503,39.337056
22.527509,38.604339
22.547516,37.905159
22.567523,37.192042
22.587529,36.635188
22.607536,35.893754
22.627543,35.334883
22.647549,34.886512
22.667556,34.187599
22.687563,33.668834
22.707569,33.231432
22.727576,32.333572
22.747583,31.739343
22.767589,31.058399
22.787596,30.619394
22.807603,30.216047
22.827609,29.833196
22.847616,29.504603
22.867623,28.966091
22.887629,28.489747
22.907636,28.147513
22.927643,27.828500
22.947649,27.532263
22.967656,27.256254
22.987663,26.868403
23.007669,26.302241
23.027676,26.209798
23.047683,26.060992
23.067689,25.958900
23.087696,25.759674
23.107703,25.485805
23.127709,25.189795
23.147716,24.669118
23.167723,24.412226
23.187729,24.184706
23.207736,24.029005
23.227743,23.883459
23.247749,23.612348
23.267756,23.296293
23.287763,23.144729
23.307769,23.018749
23.327776,22.800391
23.347783,22.835797
23.367789,22.759909
23.387796,22.398621
23.407803,22.389040
23.427809,22.269233
23.447816,22.475372
23.467823,22.479956
23.487829,22.267589
23.507836,22.340515
23.527843,22.264076
23.547849,22.157774
23.567856,22.450883
23.587863,22.484005
23.607869,22.459113
23.627876,22.489421
23.647883,22.267361
23.667889,22.248066
23.687896,22.408652
23.707903,22.362716
23.727909,22.468548
23.747916,22.485254
23.767923,22.645425
23.787929,22.725616
23.807936,22.609217
23.827943,22.739754
23.847949,22.716141
23.867956,22.494884
23.887963,22.704441
23.907969,22.786729
23.927976,22.818490
23.947983,22.833026
23.967989,22.919794
23.987996,22.913460
24.008003,22.994249
24.028009,23.043882
24.048016,23.109540
24.068023,22.995103
24.088029,23.336533
24.108036,23.399711
24.128043,23.373108
24.148049,23.628416
24.168056,23.640528
24.188063,23.573569
24.208069,23.515613
24.228076,23.789150
24.248083,24.033900
24.268089,24.263992
24.288096,24.681710
24.308103,24.733929
24.328109,24.870460
24.348116,25.006189
24.368123,25.294555
24.388129,25.284769
24.408136,25.732122
24.428143,25.998529
24.448149,25.989494
24.468156,26.360457
24.488163,26.569743
24.508169,26.927177
24.528176,26.953487
24.548183,27.539911
24.568189,27.781396
24.588196,27.391697
24.608203,28.058651
24.628209,28.529088
24.648216,28.959511
24.668223,29.403769
24.688229,29.861411
24.708236,30.201943
24.728243,30.711164
24.748249,31.580125
24.768256,32.155424
24.788263,32.708484
24.808269,33.300309
24.828276,34.022964
24.848283,34.392716
24.868289,35.187848
24.888296,36.289736
24.908303,36.775030
24.928309,37.263076
24.948316,37.871738
24.968323,38.677331
24.988329,39.399708
25.008336,40.116134
25.028343,40.681960
25.048349,41.084595
25.068356,41.799433
25.088363,42.607736
25.108369,43.398628
25.128376,44.084124
25.148383,44.695986
25.168389,45.084169
25.188396,45.664900
25.208403,46.155769
25.228409,46.798172
25.248416,47.551938
25.268423,47.985654
25.288429,48.507331
25.308436,49.111653
25.328443,49.731560
25.348449,50.284789
25.368456,50.652112
25.388463,51.158061
25.408469,51.615210
25.428476,51.956639
25.448483,52.342324
25.468489,52.761898
25.488496,53.288181
25.508503,53.822541
25.528510,54.446199
25.548516,54.619941
25.568523,55.034524
25.588530,55.279013
25.608536,55.193895
25.628543,55.347818
25.648550,55.918556
25.668556,56.132846
25.688563,56.429616
25.708570,56.662237
25.728576,57.119273
25.748583,57.373225
25.768590,57.590676
25.788596,57.667134
25.808603,57.755700
25.828610,57.656941
25.848616,57.892648
25.868623,57.856015
25.888630,58.107129
25.908636,58.285289
25.928643,58.406596
25.948650,58.113111
25.968656,58.267070
25.988663,57.815814
26.008670,58.379867
26.028676,58.185877
26.048683,58.087002
26.068690,58.015762
26.088696,58.085450
26.108703,58.169363
26.128710,58.102200
26.148716,58.071304
26.168723,58.163145
26.188730,58.156453
26.208736,58.247821
26.228743,58.156256
26.248750,58.303333
26.268756,58.260443
26.288763,58.535875
26.308770,57.680796
26.328776,57.873748
26.348783,57.989291
26.368790,58.032397
26.388796,57.898734
26.408803,57.685293
26.428810,57.811609
26.448816,57.852966
26.468823,57.660088
26.488830,57.566774
26.508836,57.696714
26.528843,57.593619
26.548850,57.546153
26.568856,57.484138
26.588863,57.517196
26.608870,57.718643
26.628876,57.515423
26.648883,57.216123
26.668890,56.971429
26.688896,57.011725
26.708903,56.865739
26.728910,56.685261
26.748916,56.226393
26.768923,56.188401
26.788930,55.857924
26.808936,55.420730
26.828943,55.492334
26.848950,55.417743
26.868956,55.068651
26.888963,54.754080
26.908970,54.538757
26.928976,54.148716
26.948983,53.993204
26.968990,53.890368
26.988996,53.693093
27.009003,53.376653
27.029010,53.037930
27.049016,52.825400
27.069023,52.365007
27.089030,52.116159
27.109036,51.773201
27.129043,51.340375
27.149050,50.713674
27.169056,50.437217
27.189063,49.855210
27.209070,49.505461
27.229076,49.001558
27.249083,48.352284
27.269090,46.992328
27.289096,46.138814
27.309103,45.655325
27.329110,44.841622
27.349116,44.268086
27.369123,43.866092
27.389130,43.335146
27.409136,42.851250
27.429143,41.938855
27.449150,41.291546
27.469156,40.663697
27.489163,40.169723
27.509170,39.342056
27.529176,38.724284
27.549183,38.296682
27.569190,38.403759
27.589196,37.605267
27.609203,36.996276
27.629210,36.517695
27.649216,35.986623
27.669223,35.323958
27.689230,34.612545
27.709236,33.839454
27.729243,33.350868
27.749250,32.606274
27.769256,32.091828
27.789263,31.518093
27.809270,30.526908
27.829276,30.047694
27.849283,29.544355
27.869290,29.127081
27.889296,28.893374
27.909303,28.234617
27.929310,27.831821
27.949316,27.282819
27.969323,26.843362
27.989330,26.546754
28.009336,26.231132
28.029343,25.895419
28.049350,25.603846
28.069356,25.058079
28.089363,24.841384
28.109370,24.987791
28.129376,24.589018
28.149383,24.254537
28.169390,23.868102
28.189396,23.717519
28.209403,23.622867
28.229410,23.356246
28.249416,23.252269
28.269423,22.966227
28.289430,22.640699
28.309436,22.367027
28.329443,22.366977
28.349450,22.353377
28.369456,22.598114
28.389463,22.520901
28.409470,22.330864
28.429476,22.290925
28.449483,22.196838
28.469490,22.325778
28.489496,22.061215
28.509503,22.290762
28.529510,22.402381
28.549517,22.306688
28.569523,22.505709
28.589530,22.536090
28.609537,22.795753
28.629543,22.694801
28.649550,22.762084
28.669557,22.421774
28.689563,22.247445
28.709570,22.318545
28.729577,22.210064
28.749583,22.112044
28.769590,22.130351
28.789597,22.251937
28.809603,22.191003
28.829610,22.212930
28.849617,22.128203
28.869623,21.877499
28.889630,21.999595
28.909637,21.555088
28.929643,21.558838
28.949650,21.510541
28.969657,21.521491
28.989663,21.629758
29.009670,21.652882
29.029677,21.882885
29.049683,22.154892
29.069690,22.136842
29.089697,22.193373
29.109703,22.344688
29.129710,22.334005
29.149717,22.729844
29.169723,22.937808
29.189730,22.984266
29.209737,23.320037
29.229743,23.445491
29.249750,23.463807
29.269757,23.588717
29.289763,23.779621
29.309770,23.829781
29.329777,24.041995
29.349783,24.131834
29.369790,24.428190
29.389797,24.580407
29.409803,24.610730
29.429810,24.873372
29.449817,24.915205
29.469823,25.207730
29.489830,25.623555
29.509837,26.136946
29.529843,26.565260
29.549850,27.068869
29.569857,27.663330
29.589863,28.011443
29.609870,28.687634
29.629877,29.201304
29.649883,29.727394
29.669890,29.952008
29.689897,30.574942
29.709903,31.047921
29.729910,31.471064
29.749917,32.211006
29.769923,32.848502
29.789930,33.311093
29.809937,33.961817
29.829943,34.533847
29.849950,35.088042
29.869957,35.579169
29.889963,36.369070
29.909970,36.982537
29.929977,37.488585
29.949983,38.018623
29.969990,38.928941
29.989997,39.665132
30.010003,40.328490
30.030010,40.957510
30.050017,41.338214
30.070023,41.956997
30.090030,42.785931
30.110037,43.253557
30.130043,43.682720
30.150050,44.467107
30.170057,44.950109
30.190063,45.580086
30.210070,46.192387
30.230077,46.848794
30.250083,47.634084
30.270090,48.240981
30.290097,48.580810
30.310103,49.187924
30.330110,49.682015
30.350117,50.180861
30.370123,50.589836
30.390130,50.933921
30.410137,51.379615
30.430143,51.920939
30.450150,51.994765
30.470157,52.385387
30.490163,52.628830
30.510170,53.026713
30.530177,53.412772
30.550183,53.552776
30.570190,53.719814
30.590197,54.248775
30.610203,54.421432
30.630210,54.917062
30.650217,55.160877
30.670223,55.351877
30.690230,55.430242
30.710237,55.619541
30.730243,55.747642
30.750250,56.148758
30.770257,56.423148
30.790263,56.606925
30.810270,56.710923
30.830277,56.874321
30.850283,57.031657
30.870290,57.223992
30.890297,57.119315
30.910303,57.217253
30.930310,57.208631
30.950317,57.364213
30.970323,57.375061
30.990330,57.491044
31.010337,57.603553
31.030343,57.826331
31.050350,57.857212
31.070357,57.906152
31.090363,57.936184
31.110370,57.902280
31.130377,57.687130
31.150383,57.661252
31.170390,57.542949
31.190397,57.567165
31.210403,57.583621
31.230410,57.547089
31.250417,57.687020
31.270423,57.882192
31.290430,57.992707
31.310437,57.787866
31.330443,57.715416
31.350450,57.700525
31.370457,57.813940
31.390463,57.834452
31.410470,57.911232
31.430477,58.181975
31.450483,58.177158
31.470490,58.100317
31.490497,58.041971
31.510504,57.923062
31.530510,58.017072
31.550517,57.737210
31.570524,57.452106
31.590530,57.282326
31.610537,57.608144
31.630544,57.481665
31.650550,57.509393
31.670557,57.385034
31.690564,57.160484
31.710570,56.992558
31.730577,56.733971
31.750584,56.550990
31.770590,56.436861
31.790597,56.300794
31.810604,56.350664
31.830610,55.896850
31.850617,55.871620
31.870624,55.813429
31.890630,55.641316
31.910637,55.079195
31.930644,54.824358
31.950650,54.312973
31.970657,54.052072
31.990664,53.883463
32.010670,53.523168
32.030677,53.140760
32.050684,52.775618
32.070690,52.417638
32.090697,51.994656
32.110704,51.244918
32.130710,51.079784
32.150717,50.547925
32.170724,49.980664
32.190730,49.433831
32.210737,49.043367
32.230744,48.509372
32.250750,47.988309
32.270757,47.272292
32.290764,46.701619
32.310770,46.101368
32.330777,45.392129
32.350784,44.776672
32.370790,44.385939
32.390797,43.776357
32.410804,43.372093
32.430810,42.729829
32.450817,41.981060
32.470824,41.311997
32.490830,40.728431
32.510837,39.923741
32.530844,39.378051
32.550850,38.884944
32.570857,38.144653
32.590864,37.504654
32.610870,35.833979
32.630877,35.252955
32.650884,34.618443
32.670890,33.642671
32.690897,33.283414
32.710904,32.839232
32.730910,31.905546
32.750917,31.479123
32.770924,30.955576
32.790930,30.284394
32.810937,29.991810
32.830944,29.504378
32.850950,29.027477
32.870957,28.624282
32.890964,28.187726
32.910970,28.648262
32.930977,28.426555
32.950984,28.165651
32.970990,27.899562
32.990997,27.397262
33.011004,26.676916
33.031010,26.719554
33.051017,26.525429
33.071024,26.307661
33.091030,26.155780
33.111037,25.642514
33.131044,25.228967
33.151050,24.998655
33.171057,24.738405
33.191064,24.265614
33.211070,24.080828
33.231077,23.570839
33.251084,23.180727
33.271090,22.886084
33.291097,22.683080
33.311104,22.693696
33.331110,22.564718
33.351117,22.121471
33.371124,22.032765
33.391130,22.007408
33.411137,21.961532
33.431144,21.929060
33.451150,21.743671
33.471157,21.688834
33.491164,21.580447
33.511170,21.533346
33.531177,21.650218
33.551184,21.814164
33.571190,21.712673
33.591197,21.485208
33.611204,21.627171
33.631210,21.520757
33.651217,21.609208
33.671224,21.503150
33.691230,21.424223
33.711237,21.364666
33.731244,21.381396
33.751250,21.544897
33.771257,21.714245
33.791264,22.015440
33.811270,22.155033
33.831277,22.308250
33.851284,22.314408
33.871290,22.575341
33.891297,22.678596
33.911304,22.573627
33.931310,22.453139
33.951317,22.473209
33.971324,22.358997
33.991330,22.235155
34.011337,22.455024
34.031344,22.522309
34.051350,22.367299
34.071357,22.332754
34.091364,22.187692
34.111370,22.186796
34.131377,22.202227
34.151384,22.094283
34.171390,22.159717
34.191397,22.337891
34.211404,22.488342
34.231410,22.541519
34.251417,22.698049
34.271424,23.217317
34.291430,23.556457
34.311437,23.711899
34.331444,23.958078
34.351450,24.194647
34.371457,24.297869
34.391464,24.635098
34.411470,24.853711
34.431477,25.053213
34.451484,25.442095
34.471490,25.692111
34.491497,25.214258
34.511504,25.415314
34.531511,25.976205
34.551517,26.487271
34.571524,26.752401
34.591531,26.911468
34.611537,27.267577
34.631544,27.702058
34.651551,28.161007
34.671557,28.689021
34.691564,29.101210
34.711571,29.662177
34.731577,30.192915
34.751584,30.905266
34.771591,31.443337
34.791597,32.948057
34.811604,33.598673
34.831611,34.293045
34.851617,34.901677
34.871624,35.509327
34.891631,36.216660
34.911637,36.850660
34.931644,37.438261
34.951651,38.176714
34.971657,38.964149
34.991664,39.662786
35.011671,40.409976
35.031677,41.114611
35.051684,41.716061
35.071691,42.540974
35.091697,43.166021
35.111704,43.946721
35.131711,44.579223
35.151717,45.140958
35.171724,45.847921
35.191731,46.492128
35.211737,47.203324
35.231744,47.931491
35.251751,48.676169
35.271757,49.273332
35.291764,50.439311
35.311771,50.941266
35.331777,51.384125
35.351784,51.794267
35.371791,52.143672
35.391797,52.471368
35.411804,52.848758
35.431811,53.047545
35.451817,53.573653
35.471824,53.810580
35.491831,54.185201
35.511837,54.464491
35.531844,54.846689
35.551851,54.959385
35.571857,55.263802
35.591864,54.931911
35.611871,55.133211
35.631877,55.457932
35.651884,55.511315
35.671891,55.587097
35.691897,55.734016
35.711904,55.862407
35.731911,56.360574
35.751917,56.576103
35.771924,56.691931
35.791931,56.852698
35.811937,57.151512
35.831944,56.931888
35.851951,56.921041
35.871957,56.790947
35.891964,57.097380
35.911971,57.223676
35.931977,57.290069
35.951984,57.560045
35.971991,57.794153
35.991997,57.936251
36.012004,57.838341
36.032011,57.560002
36.052017,57.365125
36.072024,57.593888
36.092031,57.606832
36.112037,57.503179
36.132044,57.748521
36.152051,57.961192
36.172057,58.114131
36.192064,57.977126
36.212071,57.937338
36.232077,57.841891
36.252084,57.939749
36.272091,58.084416
36.292097,58.078153
36.312104,58.234487
36.332111,58.587760
36.352117,58.683411
36.372124,58.565490
36.392131,58.671228
36.412137,58.655044
36.432144,58.704762
36.452151,58.508464
36.472157,58.402704
36.492164,58.271783
36.512171,58.300683
36.532177,58.365842
36.552184,58.238742
36.572191,57.975093
36.592197,58.033221
36.612204,58.067988
36.632211,57.693829
36.652217,57.543505
36.672224,57.406598
36.692231,57.259438
36.712237,57.053328
36.732244,56.838973
36.752251,56.649682
36.772257,56.467600
36.792264,56.484822
36.812271,56.337524
36.832277,56.021983
36.852284,55.803797
36.872291,55.659141
36.892297,55.225788
36.912304,54.876628
36.932311,54.548867
36.952317,54.247753
36.972324,53.974858
36.992331,53.660472
37.012337,53.220241
37.032344,52.746791
37.052351,52.507873
37.072357,52.139249
37.092364,51.568626
37.112371,51.009504
37.132377,50.494279
37.152384,49.913200
37.172391,49.445266
37.192397,48.982346
37.212404,48.504736
37.232411,48.127531
37.252417,47.695733
37.272424,47.025334
37.292431,46.405733
37.312437,45.943666
37.332444,45.290492
37.352451,44.634707
37.372457,44.055680
37.392464,43.552518
37.412471,42.707059
37.432477,42.107221
37.452484,41.540957
37.472491,40.751403
37.492497,40.195369
37.512504,39.567595
37.532511,38.967298
37.552518,38.251835
37.572524,37.477197
37.592531,36.802611
37.612538,36.165584
37.632544,34.921984
37.652551,34.337912
37.672558,33.848846
37.692564,33.070199
37.712571,32.624072
37.732578,32.231518
37.752584,31.617340
37.772591,31.165226
37.792598,30.568638
37.812604,29.833857
37.832611,29.171705
37.852618,28.794155
37.872624,28.458804
37.892631,28.044070
37.912638,27.628125
37.932644,27.653058
37.952651,27.090192
37.972658,26.606124
37.992664,26.305012
38.012671,25.913905
38.032678,25.322211
38.052684,25.360984
38.072691,25.014129
38.092698,24.818543
38.112704,24.549375
38.132711,24.200329
38.152718,23.863964
38.172724,23.735135
38.192731,23.649181
38.212738,23.330102
38.232744,23.487261
38.252751,23.408463
38.272758,23.153013
38.292764,23.091775
38.312771,22.955030
38.332778,22.988671
38.352784,22.567952
38.372791,22.445970
38.392798,22.315854
38.412804,22.534060
38.432811,22.381168
38.452818,22.328914
38.472824,22.175275
38.492831,21.845912
38.512838,21.947898
38.532844,21.772407
38.552851,21.712692
38.572858,21.733825
38.592864,21.669643
38.612871,21.917602
38.632878,21.901895
38.652884,21.759445
38.672891,21.614217
38.692898,21.521300
38.712904,21.264274
38.732911,21.532213
38.752918,21.488929
38.772924,21.508132
38.792931,21.658023
38.812938,21.429045
38.832944,21.468466
38.852951,21.421269
38.872958,21.401660
38.892964,21.190838
38.912971,21.104076
38.932978,21.039139
38.952984,21.167692
38.972991,21.508131
38.992998,21.518833
39.013004,21.930877
39.033011,21.949978
39.053018,21.996241
39.073024,22.078536
39.093031,22.109654
39.113038,22.329112
39.133044,22.320106
39.153051,22.559522
39.173058,22.675470
39.193064,22.827855
39.213071,22.929392
39.233078,22.992441
39.253084,22.983407
39.273091,23.162439
39.293098,23.289349
39.313104,23.210140
39.333111,23.261791
39.353118,23.399757
39.373124,23.663175
39.393131,24.087024
39.413138,24.386997
39.433144,25.001349
39.453151,25.357317
39.473158,25.501147
39.493164,26.170729
39.513171,26.428232
39.533178,27.058590
39.553184,27.659563
39.573191,27.992774
39.593198,28.376306
39.613204,28.842508
39.633211,29.491441
39.653218,29.999937
39.673224,30.387263
39.693231,30.712220
39.713238,31.267429
39.733244,31.534555
39.753251,31.975867
39.773258,32.766186
39.793264,33.043477
39.813271,33.685118
39.833278,34.219588
39.853284,34.899181
39.873291,35.478756
39.893298,36.338551
39.913304,36.967388
39.933311,37.462090
39.953318,38.222349
39.973324,38.925012
39.993331,39.689510
40.013338,40.359001
40.033344,40.955960
40.053351,41.703104
40.073358,42.348274
40.093364,43.070599
40.113371,43.710105
40.133378,44.275205
40.153384,44.740353
40.173391,45.370704
40.193398,45.894798
40.213404,46.581449
40.233411,47.310777
40.253418,48.046026
40.273424,48.603109
40.293431,49.102564
40.313438,49.488583
40.333444,50.133609
40.353451,50.611941
40.373458,51.148095
40.393464,51.754631
40.413471,52.258069
40.433478,52.880281
40.453484,53.430119
40.473491,53.883400
40.493498,54.251760
40.513505,54.566431
40.533511,54.698794
40.553518,54.943669
40.573525,55.155191
40.593531,55.416716
40.613538,55.827665
40.633545,55.989346
40.653551,56.248351
40.673558,56.350120
40.693565,56.618675
40.713571,56.760375
40.733578,56.824779
40.753585,57.040460
40.773591,56.939715
40.793598,57.117551
40.813605,57.236416
40.833611,57.544726
40.853618,57.596927
40.873625,57.840612
40.893631,57.938679
40.913638,58.172449
40.933645,58.297663
40.953651,58.171266
40.973658,58.154375
40.993665,58.139101
41.013671,58.171446
41.033678,58.084873
41.053685,57.906947
41.073691,58.296390
41.093698,58.319744
41.113705,58.220547
41.133711,58.699219
41.153718,58.639465
41.173725,58.769711
41.193731,58.914488
41.213738,58.513108
41.233745,58.354442
41.253751,58.744976
41.273758,58.896479
41.293765,58.883351
41.313771,58.870281
41.333778,58.854722
41.353785,58.939774
41.373791,58.712046
41.393798,58.843640
41.413805,58.930296
41.433811,58.353653
41.453818,58.269641
41.473825,57.910243
41.493831,57.835034
41.513838,58.149998
41.533845,58.317352
41.553851,58.188974
41.573858,58.087866
41.593865,57.940984
41.613871,58.005959
41.633878,58.003474
41.653885,57.975687
41.673891,57.957069
41.693898,57.766749
41.713905,57.620505
41.733911,57.548333
41.753918,57.378200
41.773925,57.407229
41.793931,57.086769
41.813938,56.790129
41.833945,56.439475
41.853951,56.049554
41.873958,55.729928
41.893965,55.622376
41.913971,55.081511
41.933978,54.851030
41.953985,54.501897
41.973991,53.978231
41.993998,53.559393
42.014005,53.091802
42.034011,52.734739
42.054018,52.386937
42.074025,51.977667
42.094031,51.484024
42.114038,51.057727
42.134045,50.696743
42.154051,50.362667
42.174058,50.007035
42.194065,49.516573
42.214071,48.916761
42.234078,48.289311
42.254085,47.712682
42.274091,47.276176
42.294098,46.527798
42.314105,46.035557
42.334111,45.306140
42.354118,44.640104
42.374125,43.999468
42.394131,43.625274
42.414138,42.886309
42.434145,42.172555
42.454151,41.514668
42.474158,40.928848
42.494165,39.997702
42.514171,39.541376
42.534178,39.028212
42.554185,38.317600
42.574191,37.568835
42.594198,36.908048
42.614205,36.075474
42.634211,35.746021
42.654218,35.888878
42.674225,35.188714
42.694231,34.332674
42.714238,33.718576
42.734245,33.174809
42.754251,33.228379
42.774258,32.819335
42.794265,32.430167
42.814271,31.901468
42.834278,31.515977
42.854285,31.158373
42.874291,30.781914
42.894298,30.554021
42.914305,30.248682
42.934311,29.430086
42.954318,28.234397
42.974325,27.926724
42.994331,27.722998
43.014338,27.444690
43.034345,27.136433
43.054351,25.926938
43.074358,25.583575
43.094365,25.146381
43.114371,24.785775
43.134378,24.096236
43.154385,23.710255
43.174391,23.433323
43.194398,23.160877
43.214405,23.129050
43.234411,22.948869
43.254418,22.899583
43.274425,22.741528
43.294431,22.519477
43.314438,22.398615
43.334445,22.210387
43.354451,22.277339
43.374458,21.993094
43.394465,22.004147
43.414471,21.996809
43.434478,22.056577
43.454485,22.053803
43.474491,21.912458
43.494498,21.976273
43.514505,22.052163
43.534512,22.133355
43.554518,22.103501
43.574525,22.153126
43.594532,22.130711
43.614538,22.138284
43.634545,22.292463
43.654552,22.314712
43.674558,22.216558
43.694565,22.030132
43.714572,22.035676
43.734578,22.161319
43.754585,22.192848
43.774592,23.001483
43.794598,23.055468
43.814605,22.824564
43.834612,22.811328
43.854618,22.900474
43.874625,22.565569
43.894632,22.622829
43.914638,22.475703
43.934645,22.543660
43.954652,22.613631
43.974658,22.867736
43.994665,23.306260
44.014672,23.517834
44.034678,23.574481
44.054685,23.573646
44.074692,22.818083
44.094698,22.970679
44.114705,22.936625
44.134712,23.116020
44.154718,23.095272
44.174725,23.450618
44.194732,23.415151
44.214738,23.408001
44.234745,23.373626
44.254752,23.387597
44.274758,23.505621
44.294765,23.487805
44.314772,23.699974
44.334778,23.841004
44.354785,24.112125
44.374792,24.465386
44.394798,24.469108
44.414805,25.038210
44.434812,25.267925
44.454818,25.553187
44.474825,26.063172
44.494832,26.470221
44.514838,27.062544
44.534845,27.614719
44.554852,27.906732
44.574858,28.295181
44.594865,28.851125
44.614872,29.354398
44.634878,29.679967
44.654885,30.110942
44.674892,30.409334
44.694898,30.836186
44.714905,31.379986
44.734912,32.035729
44.754918,32.576496
44.774925,33.044601
44.794932,33.866726
44.814938,34.458348
44.834945,35.047576
44.854952,35.703358
44.874958,36.239307
44.894965,36.829834
44.914972,38.023922
44.934978,38.818863
44.954985,39.431252
44.974992,40.460597
44.994998,41.333033
45.015005,41.806546
45.035012,42.344772
45.055018,43.019517
45.075025,43.719305
45.095032,44.178544
45.115038,45.003470
45.135045,45.505592
45.155052,46.514106
45.175058,47.188527
45.195065,47.741819
45.215072,47.641443
45.235078,48.055161
45.255085,48.454603
45.275092,48.651695
45.295098,49.109810
45.315105,49.514764
45.335112,50.096104
45.355118,50.449076
45.375125,50.933120
45.395132,51.448409
45.415138,51.539207
45.435145,51.807747
45.455152,51.805359
45.475158,52.120488
45.495165,52.413962
45.515172,52.654115
45.535178,53.150671
45.555185,53.837181
45.575192,54.373219
45.595198,54.640808
45.615205,55.021098
45.635212,55.196859
45.655218,55.700031
45.675225,55.781301
45.695232,56.016830
45.715238,56.495491
45.735245,56.727170
45.755252,56.817054
45.775258,57.112624
45.795265,57.256027
45.815272,57.467392
45.835278,57.542846
45.855285,57.470959
45.875292,57.517668
45.895298,57.568730
45.915305,57.778960
45.935312,58.016514
45.955318,57.961073
45.975325,58.063132
45.995332,57.887897
46.015338,57.879232
46.035345,58.063634
46.055352,58.368396
46.075358,58.435628
46.095365,58.695319
46.115372,58.623215
46.135378,58.708432
46.155385,58.803960
46.175392,58.918504
46.195398,58.721716
46.215405,58.576234
46.235412,58.508581
46.255418,58.571891
46.275425,58.733641
46.295432,58.766918
46.315438,58.616835
46.335445,58.601300
46.355452,58.572317
46.375458,58.436259
46.395465,58.235591
46.415472,58.195239
46.435478,58.064902
46.455485,57.917515
46.475492,57.756104
46.495498,58.019487
46.515505,57.714693
46.535512,57.402482
46.555519,57.283795
46.575525,56.902825
46.595532,57.009893
46.615539,56.790398
46.635545,56.555633
46.655552,56.517990
46.675559,56.213800
46.695565,55.924155
46.715572,55.797459
46.735579,55.624173
46.755585,55.564951
46.775592,55.331463
46.795599,55.100080
46.815605,55.122205
46.835612,55.072311
46.855619,54.710520
46.875625,54.574051
46.895632,54.221304
46.915639,54.133556
46.935645,53.829177
46.955652,53.825121
46.975659,53.522021
46.995665,53.186344
47.015672,52.774099
47.035679,52.487069
47.055685,52.016892
47.075692,51.667880
47.095699,51.071796
47.115705,50.682702
47.135712,50.332715
47.155719,49.955082
47.175725,49.468832
47.195732,48.905522
47.215739,48.519560
47.235745,48.071786
47.255752,47.053605
47.275759,46.513536
47.295765,46.017845
47.315772,45.550825
47.335779,44.890980
47.355785,44.175895
47.375792,43.567577
47.395799,43.200735
47.415805,42.603782
47.435812,41.921842
47.455819,41.456777
47.475825,40.923249
47.495832,40.255957
47.515839,39.482767
47.535845,38.926316
47.555852,38.363567
47.575859,37.663113
47.595865,37.012331
47.615872,36.313846
47.635879,35.453975
47.655885,34.945178
47.675892,34.274035
47.695899,33.457404
47.715905,32.571350
47.735912,32.131970
47.755919,31.657452
47.775925,31.036423
47.795932,30.576404
47.815939,30.110737
47.835945,29.488933
47.855952,28.976788
47.875959,28.562967
47.895965,28.034167
47.915972,27.637692
47.935979,27.424708
47.955985,27.236411
47.975992,26.903647
47.995999,26.623863
48.016005,26.384267
48.036012,26.114319
48.056019,25.529616
48.076025,25.284552
48.096032,24.983842
48.116039,24.704734
48.136045,24.393179
48.156052,24.132012
48.176059,23.969774
48.196065,23.910333
48.216072,23.925937
48.236079,23.741158
48.256085,23.471381
48.276092,23.278845
48.296099,23.077694
48.316105,23.008774
48.336112,22.651991
48.356119,22.520313
48.376125,22.192390
48.396132,22.291856
48.416139,22.204718
48.436145,22.312997
48.456152,22.252562
48.476159,22.235576
48.496165,22.201153
48.516172,22.112860
48.536179,22.357703
48.556185,22.166606
48.576192,22.119877
48.596199,22.024232
48.616205,21.934309
48.636212,22.041772
48.656219,22.185368
48.676225,22.309062
48.696232,22.243011
48.716239,22.158971
48.736245,22.191606
48.756252,22.071721
48.776259,22.208365
48.796265,22.078590
48.816272,22.139029
48.836279,22.019195
48.856285,22.169702
48.876292,22.232111
48.896299,22.305512
48.916305,22.501564
48.936312,22.349969
48.956319,22.209782
48.976325,22.277876
48.996332,22.280162
49.016339,22.506755
49.036345,22.532471
49.056352,22.566311
49.076359,22.521101
49.096365,22.813657
49.116372,22.647975
49.136379,22.659662
49.156385,22.813703
49.176392,22.936317
49.196399,23.125087
49.216405,22.886454
49.236412,23.088546
49.256419,23.211564
49.276425,23.452047
49.296432,23.446938
49.316439,23.766024
49.336445,24.173687
49.356452,24.650164
49.376459,24.850079
49.396465,24.959264
49.416472,25.280579
49.436479,25.509356
49.456485,25.679867
49.476492,26.270770
49.496499,26.650432
49.516506,27.466955
49.536512,27.644273
49.556519,28.029485
49.576526,28.372258
49.596532,28.808039
49.616539,28.967261
49.636546,29.279809
49.656552,29.743949
49.676559,30.154532
49.696566,30.726898
49.716572,31.347446
49.736579,32.070722
49.756586,32.679378
49.776592,33.025177
49.796599,33.842270
49.816606,34.250651
49.836612,35.203086
49.856619,35.692493
49.876626,36.467320
49.896632,37.209282
49.916639,37.841884
49.936646,38.467031
49.956652,38.824395
49.976659,39.433477
49.996666,39.995832
50.016672,40.582656
50.036679,41.130334
50.056686,41.777944
50.076692,42.476878
50.096699,42.806713
50.116706,43.743370
50.136712,44.267664
50.156719,45.118411
50.176726,45.606606
50.196732,46.282633
50.216739,46.826877
50.236746,47.316323
50.256752,47.992054
50.276759,48.727643
50.296766,49.237830
50.316772,49.755678
50.336779,50.104238
50.356786,50.552916
50.376792,50.805552
50.396799,51.207275
50.416806,51.343959
50.436812,51.659357
50.456819,52.143752
50.476826,52.619973
50.496832,52.983859
50.516839,53.539194
50.536846,53.680842
50.556852,54.044022
50.576859,54.228436
50.596866,54.496278
50.616872,54.792085
50.636879,55.371678
50.656886,55.614086
50.676892,55.938800
50.696899,56.253386
50.716906,56.654523
50.736912,56.831881
50.756919,57.018838
50.776926,57.029595
50.796932,57.098918
50.816939,57.297660
50.836946,57.379733
50.856952,57.573853
50.876959,57.812033
50.896966,57.942385
50.916972,58.246132
50.936979,58.154592
50.956986,58.213220
50.976992,58.129701
50.996999,58.214741
51.017006,57.947841
51.037012,57.999309
51.057019,58.038500
51.077026,57.900712
51.097032,57.942359
51.117039,57.795324
51.137046,58.077504
51.157052,57.747461
51.177059,57.598908
51.197066,57.679814
51.217072,57.191500
51.237079,57.329887
51.257086,57.338867
51.277092,57.459592
51.297099,57.343113
51.317106,57.576680
51.337112,57.734020
51.357119,57.605195
51.377126,57.945297
51.397132,57.942156
51.417139,57.805079
51.437146,57.636743
51.457152,57.837230
51.477159,57.643859
51.497166,57.568550
51.517172,57.696687
51.537179,57.443657
51.557186,57.337231
51.577192,57.421560
51.597199,57.292747
51.617206,57.129008
51.637212,57.078486
51.657219,56.858632
51.677226,56.559177
51.697232,56.519264
51.717239,56.574705
51.737246,56.535069
51.757252,56.561394
51.777259,56.635454
51.797266,56.292911
51.817272,56.107082
51.837279,56.004509
51.857286,55.892108
51.877292,55.523877
51.897299,55.363332
51.917306,55.073356
51.937312,54.598092
51.957319,54.361050
51.977326,54.021538
51.997332,53.393555
52.017339,53.007414
52.037346,52.538331
52.057352,52.001343
52.077359,51.724822
52.097366,51.168322
52.117372,50.768107
52.137379,50.171890
52.157386,49.712850
52.177392,49.113413
52.197399,48.624543
52.217406,47.971088
52.237412,47.507277
52.257419,47.011696
52.277426,46.367029
52.297432,45.868535
52.317439,45.185521
52.337446,44.648932
52.357452,44.163783
52.377459,43.556456
52.397466,43.225835
52.417472,42.636741
52.437479,42.205604
52.457486,41.387027
52.477492,40.899159
52.497499,40.235827
52.517506,39.932970
52.537513,39.239179
52.557519,38.562058
52.577526,38.054071
52.597533,37.390763
52.617539,36.921938
52.637546,36.291884
52.657553,35.673668
52.677559,34.892437
52.697566,34.145971
52.717573,33.439618
52.737579,32.762612
52.757586,32.311391
52.777593,31.630731
52.797599,31.029742
52.817606,30.481858
52.837613,29.899822
52.857619,29.284735
52.877626,28.916785
52.897633,28.574804
52.917639,28.166928
52.937646,27.762853
52.957653,27.357965
52.977659,27.034386
52.997666,26.864360
53.017673,26.568763
53.037679,26.083547
53.057686,25.526810
53.077693,25.392758
53.097699,25.245054
53.117706,24.768582
53.137713,24.608635
53.157719,24.506815
53.177726,24.110453
53.197733,23.967548
53.217739,23.592959
53.237746,23.395720
53.257753,23.177297
53.277759,23.000982
53.297766,22.736524
53.317773,22.551845
53.337779,22.543080
53.357786,22.703801
53.377793,22.348301
53.397799,22.103181
53.417806,21.909109
53.437813,21.868464
53.457819,21.752027
53.477826,21.615949
53.497833,21.499934
53.517839,21.401791
53.537846,21.400325
53.557853,21.395269
53.577859,21.513189
53.597866,21.590196
53.617873,21.622284
53.637879,21.712769
53.657886,21.571180
53.677893,21.764901
53.697899,21.896125
53.717906,22.048569
53.737913,21.988609
53.757919,22.031834
53.777926,22.294647
53.797933,22.375156
53.817939,22.501141
53.837946,22.455850
53.857953,22.376219
53.877959,22.398362
53.897966,22.301800
53.917973,22.297932
53.937979,22.195376
53.957986,22.196091
53.977993,22.170481
53.997999,22.180028
54.018006,22.135678
54.038013,22.073343
54.058019,22.095110
54.078026,22.008360
54.098033,21.889306
54.118039,21.877994
54.138046,22.111199
54.158053,22.335701
54.178059,22.262095
54.198066,22.532292
54.218073,22.786552
54.238079,22.979879
54.258086,23.310240
54.278093,23.559827
54.298099,23.457071
54.318106,23.598856
54.338113,23.957411
54.358119,24.125916
54.378126,24.266061
54.398133,24.651198
54.418139,25.131217
54.438146,25.364413
54.458153,25.577467
54.478159,25.975232
54.498166,26.159822
54.518173,26.514659
54.538179,26.921839
54.558186,27.392951
54.578193,27.803202
54.598199,28.606186
54.618206,29.222267
54.638213,29.481263
54.658219,29.996407
54.678226,30.516769
54.698233,30.921256
54.718239,31.388428
54.738246,31.834070
54.758253,32.297769
54.778259,32.836304
54.798266,33.466029
54.818273,33.985526
54.838279,34.608648
54.858286,35.131585
54.878293,35.580009
54.898299,36.103484
54.918306,36.717455
54.938313,37.463162
54.958319,38.138789
54.978326,39.012797
54.998333,39.904066
55.018339,40.478636
55.038346,41.141686
55.058353,41.765339
55.078359,42.280422
55.098366,42.868276
55.118373,43.447644
55.138379,44.047815
55.158386,44.627483
55.178393,45.429052
55.198399,45.844460
55.218406,46.404100
55.238413,47.017336
55.258419,47.594520
55.278426,48.048362
55.298433,48.320904
55.318439,48.841869
55.338446,49.334762
55.358453,49.840400
55.378459,50.352422
55.398466,51.020282
55.418473,51.495554
55.438479,51.860104
55.458486,52.359758
55.478493,52.621197
55.498499,53.245643
55.518506,53.556720
55.538513,54.058284
55.558520,54.473690
55.578526,54.747127
55.598533,55.057017
55.618540,55.299459
55.638546,55.683753
55.658553,55.932048
55.678560,56.217712
55.698566,56.207808
55.718573,56.446320
55.738580,56.488784
55.758586,56.473751
55.778593,56.627655
55.798600,56.584224
55.818606,56.847408
55.838613,56.817811
55.858620,56.791323
55.878626,56.984397
55.898633,57.219251
55.918640,57.239015
55.938646,57.383557
55.958653,57.553169
55.978660,57.383985
55.998666,57.392660
56.018673,57.359258
56.038680,57.461172
56.058686,57.425184
56.078693,57.542662
56.098700,57.652964
56.118706,57.576326
56.138713,57.714346
56.158720,57.877079
56.178726,57.726839
56.198733,57.649514
56.218740,57.703514
56.238746,57.496674
56.258753,57.525255
56.278760,57.772072
56.298766,57.875142
56.318773,57.939002
56.338780,57.948017
56.358786,58.080430
56.378793,58.150515
56.398800,58.195170
56.418806,58.327657
56.438813,58.205773
56.458820,58.128303
56.478826,58.212822
56.498833,58.064761
56.518840,57.985538
56.538846,57.939476
56.558853,57.777838
56.578860,57.754176
56.598866,57.863025
56.618873,57.757518
56.638880,57.869889
56.658886,57.539671
56.678893,57.300964
56.698900,57.033490
56.718906,56.672046
56.738913,56.620985
56.758920,56.541425
56.778926,56.167039
56.798933,56.144615
56.818940,56.107248
56.838946,55.916790
56.858953,55.790021
56.878960,55.575878
56.898966,55.290932
56.918973,55.064363
56.938980,54.623350
56.958986,54.542242
56.978993,54.177477
56.999000,53.780986
57.019006,53.369189
57.039013,52.814542
57.059020,52.314439
57.079026,52.088342
57.099033,51.582999
57.119040,50.807933
57.139046,50.340761
57.159053,49.891610
57.179060,49.319382
57.199066,48.807862
57.219073,48.221013
57.239080,47.593295
57.259086,47.038650
57.279093,46.482430
57.299100,45.897615
57.319106,45.429448
57.339113,44.796508
57.359120,44.259560
57.379126,43.568623
57.399133,42.995440
57.419140,42.672807
57.439146,42.162045
57.459153,41.518165
57.479160,40.743696
57.499166,39.867540
57.519173,39.105876
57.539180,38.469520
57.559186,37.964309
57.579193,37.354387
57.599200,36.824701
57.619206,36.178373
57.639213,35.638767
57.659220,34.984523
57.679226,34.449493
57.699233,33.612929
57.719240,32.898280
57.739246,32.313131
57.759253,31.490907
57.779260,31.165852
57.799266,30.655770
57.819273,30.371282
57.839280,30.104497
57.859286,29.372006
57.879293,28.971872
57.899300,28.543928
57.919306,28.026484
57.939313,27.488638
57.959320,27.077995
57.979326,26.477199
57.999333,26.354084
58.019340,25.978457
58.039346,25.626126
58.059353,25.534998
58.079360,25.002097
58.099366,24.719563
58.119373,24.435450
58.139380,23.975428
58.159386,23.780148
58.179393,23.453307
58.199400,23.264065
58.219406,23.239918
58.239413,23.438964
58.259420,23.498642
58.279426,23.503722
58.299433,23.475408
58.319440,23.378898
58.339446,23.104744
58.359453,22.968527
58.379460,22.948243
58.399466,23.003651
58.419473,22.758362
58.439480,22.759277
58.459486,22.618065
58.479493,22.676691
58.499500,22.659534
58.519507,22.746419
58.539513,22.605424
58.559520,22.326011
58.579527,22.272818
58.599533,22.221537
58.619540,22.261626
58.639547,22.385282
58.659553,22.244173
58.679560,22.525957
58.699567,22.514511
58.719573,22.478197
58.739580,22.294922
58.759587,22.327546
58.779593,22.420693
58.799600,22.396731
58.819607,22.233519
58.839613,22.238650
58.859620,22.248964
58.879627,22.301238
58.899633,22.290737
58.919640,22.392382
58.939647,22.406519
58.959653,22.716834
58.979660,22.566884
58.999667,22.495929
59.019673,22.491276
59.039680,22.712734
59.059687,23.050237
59.079693,22.765430
59.099700,23.008187
59.119707,23.124055
59.139713,23.191153
59.159720,23.162815
59.179727,23.357532
59.199733,23.562651
59.219740,23.799437
59.239747,23.994195
59.259753,23.953118
59.279760,24.130439
59.299767,24.321837
59.319773,24.620288
59.339780,24.751308
59.359787,24.779354
59.379793,25.470415
59.399800,25.614895
59.419807,25.882637
59.439813,26.321318
59.459820,26.837251
59.479827,27.079587
59.499833,27.296317
59.519840,27.408072
59.539847,27.841195
59.559853,28.350773
59.579860,28.711559
59.599867,29.019591
59.619873,29.583816
59.639880,30.136987
59.659887,30.590776
59.679893,30.781410
59.699900,31.213071
59.719907,31.804242
59.739913,32.296596
59.759920,32.808151
59.779927,33.401834
59.799933,33.971357
59.819940,34.495529
59.839947,34.896054
59.859953,35.426908
59.879960,35.720485
59.899967,36.203137
59.919973,36.444019
59.939980,36.758342
59.959987,37.168701
59.979993,37.643593
60.000000,38.072834
