timestamp,clean_signal,noisy_signal
0.000000,40.000000,41.742127
0.020007,40.653473,41.782669
0.040013,41.305772,45.306342
0.060020,41.955726,42.150778
0.080027,42.602177,44.011265
0.100033,43.243979,41.034149
0.120040,43.880009,42.931819
0.140047,44.509167,46.190250
0.160053,45.130383,45.747616
0.180060,45.742620,46.344380
0.200067,46.344882,45.236504
0.220073,46.936212,47.874710
0.240080,47.515702,45.994844
0.260087,48.082492,50.232091
0.280093,48.635775,47.930336
0.300100,49.174804,50.908094
0.320107,49.698886,46.981600
0.340113,50.207392,49.774255
0.360120,50.699757,53.056215
0.380127,51.175480,54.812415
0.400133,51.634127,51.511681
0.420140,52.075333,52.629469
0.440147,52.498800,51.780965
0.460153,52.904299,51.820010
0.480160,53.291669,53.719636
0.500167,53.660819,52.554548
0.520173,54.011723,56.369682
0.540180,54.344423,60.111173
0.560187,54.659026,54.525857
0.580193,54.955699,54.968885
0.600200,55.234672,54.387588
0.620207,55.496232,55.559713
0.640213,55.740723,54.385172
0.660220,55.968540,55.361546
0.680227,56.180125,55.271245
0.700233,56.375968,55.801365
0.720240,56.556599,57.716033
0.740247,56.722586,57.912161
0.760253,56.874528,58.202225
0.780260,57.013055,54.673928
0.800267,57.138821,57.793381
0.820273,57.252497,57.985677
0.840280,57.354771,57.852101
0.860287,57.446341,59.412904
0.880293,57.527910,55.914379
0.900300,57.600180,59.758951
0.920307,57.663851,56.681190
0.940313,57.719613,59.821686
0.960320,57.768142,57.064559
0.980327,57.810097,58.737641
1.000333,57.846115,58.572518
1.020340,57.876804,57.701889
1.040347,57.902745,59.918851
1.060353,57.924482,55.473088
1.080360,57.942523,59.365844
1.100367,57.957334,58.539414
1.120373,57.969337,57.078401
1.140380,57.978907,56.316895
1.160387,57.986371,58.551760
1.180393,57.992004,59.359020
1.200400,57.996026,58.012802
1.220407,57.998606,60.862330
1.240413,57.999855,58.791893
1.260420,57.999828,61.264361
1.280427,57.998525,55.780052
1.300433,57.995888,60.569282
1.320440,57.991802,59.637076
1.340447,57.986099,59.129362
1.360453,57.978553,61.554674
1.380460,57.968888,58.441078
1.400467,57.956776,57.752707
1.420473,57.941839,57.289634
1.440480,57.923654,57.345684
1.460487,57.901752,60.557992
1.480493,57.875624,59.007269
1.500500,57.844725,54.873005
1.520507,57.808472,56.746708
1.540514,57.766256,57.064528
1.560520,57.717439,58.798449
1.580527,57.661361,57.204126
1.600534,57.597345,57.831990
1.620540,57.524702,59.914035
1.640547,57.442730,57.044869
1.660554,57.350728,56.342659
1.680560,57.247993,59.619448
1.700567,57.133827,57.112520
1.720574,57.007543,55.723331
1.740580,56.868470,57.657408
1.760587,56.715954,54.650260
1.780594,56.549370,58.863996
1.800600,56.368116,56.302209
1.820607,56.171627,53.842329
1.840614,55.959375,59.561306
1.860620,55.730872,56.747685
1.880627,55.485677,53.373934
1.900634,55.223398,56.157458
1.920640,54.943692,55.146641
1.940647,54.646277,53.588739
1.960654,54.330923,54.676104
1.980660,53.997466,54.349476
2.000667,53.645802,55.806171
2.020674,53.275892,52.805728
2.040680,52.887764,55.289545
2.060687,52.481513,53.344199
2.080694,52.057302,52.408343
2.100700,51.615363,48.948463
2.120707,51.155996,49.975874
2.140714,50.679570,51.493131
2.160720,50.186523,51.706123
2.180727,49.677356,52.525611
2.200734,49.152638,50.153697
2.220740,48.613002,48.405372
2.240747,48.059140,48.243165
2.260754,47.491804,45.638998
2.280760,46.911804,44.840784
2.300767,46.319999,45.355885
2.320774,45.717303,45.036043
2.340780,45.104671,43.988039
2.360787,44.483103,43.573151
2.380794,43.853637,44.740851
2.400800,43.217345,43.078446
2.420807,42.575326,44.281400
2.440814,41.928707,40.329098
2.460820,41.278631,42.138345
2.480827,40.626260,41.557541
2.500834,39.972764,41.770680
2.520840,39.319316,41.111493
2.540847,38.667092,41.919696
2.560854,38.017261,37.048975
2.580860,37.370981,39.332288
2.600867,36.729397,36.449186
2.620874,36.093631,36.724730
2.640880,35.464783,35.775815
2.660887,34.843921,34.512554
2.680894,34.232080,33.332605
2.700900,33.630255,32.560185
2.720907,33.039400,34.402135
2.740914,32.460423,31.126783
2.760920,31.894180,30.610200
2.780927,31.341475,30.860842
2.800934,30.803057,31.734261
2.820940,30.279612,29.617366
2.840947,29.771767,30.559451
2.860954,29.280086,25.925892
2.880960,28.805066,28.117884
2.900967,28.347139,27.807454
2.920974,27.906666,28.669088
2.940980,27.483944,24.880844
2.960987,27.079198,28.050197
2.980994,26.692585,27.502552
3.001000,26.324196,25.381251
3.021007,25.974051,25.280591
3.041014,25.642108,24.368362
3.061020,25.328256,26.345668
3.081027,25.032326,23.813687
3.101034,24.754085,28.167030
3.121040,24.493242,24.032969
3.141047,24.249454,25.314518
3.161054,24.022323,25.049854
3.181060,23.811404,20.582709
3.201067,23.616206,22.663502
3.221074,23.436196,22.785379
3.241080,23.270807,22.254501
3.261087,23.119436,22.769066
3.281094,22.981454,21.436123
3.301100,22.856206,21.917134
3.321107,22.743019,25.386713
3.341114,22.641205,23.824454
3.361120,22.550065,22.917136
3.381127,22.468898,22.782236
3.401134,22.397000,22.849284
3.421140,22.333672,23.981256
3.441147,22.278225,21.891169
3.461154,22.229983,22.296995
3.481160,22.188288,20.563098
3.501167,22.152504,23.400441
3.521174,22.122024,24.579234
3.541180,22.096269,21.361418
3.561187,22.074695,22.671533
3.581194,22.056798,22.070284
3.601200,22.042112,24.692758
3.621207,22.030218,21.291813
3.641214,22.020742,21.855220
3.661220,22.013359,22.390351
3.681227,22.007798,22.823358
3.701234,22.003839,22.733688
3.721240,22.001316,22.286822
3.741247,22.000121,20.690982
3.761254,22.000200,23.151538
3.781260,22.001557,21.612145
3.801267,22.004252,22.069363
3.821274,22.008402,23.253563
3.841280,22.014177,21.040898
3.861287,22.021805,22.376961
3.881294,22.031565,24.595058
3.901300,22.043787,21.067499
3.921307,22.058851,20.513699
3.941314,22.077181,21.284871
3.961320,22.099249,19.887760
3.981327,22.125564,22.489311
4.001334,22.156675,21.889191
4.021340,22.193164,23.809647
4.041347,22.235642,22.106932
4.061354,22.284748,21.636584
4.081360,22.341143,21.669409
4.101367,22.405504,22.915394
4.121374,22.478523,22.785301
4.141380,22.560898,21.155526
4.161387,22.653333,23.896218
4.181394,22.756531,22.731727
4.201400,22.871188,22.902473
4.221407,22.997992,22.618708
4.241414,23.137612,24.867325
4.261420,23.290701,21.822807
4.281427,23.457886,24.483898
4.301434,23.639763,21.744008
4.321440,23.836899,24.794979
4.341447,24.049819,23.948259
4.361454,24.279008,24.069432
4.381460,24.524907,23.999636
4.401467,24.787907,24.420000
4.421474,25.068345,24.021006
4.441480,25.366504,24.289806
4.461487,25.682608,24.326952
4.481494,26.016822,26.973224
4.501501,26.369247,27.373777
4.521507,26.739917,27.485582
4.541514,27.128802,28.040708
4.561521,27.535805,27.878524
4.581527,27.960760,29.795048
4.601534,28.403432,28.895759
4.621541,28.863517,31.043458
4.641547,29.340645,27.427844
4.661554,29.834375,28.884685
4.681561,30.344201,28.934174
4.701567,30.869554,32.236541
4.721574,31.409797,32.403749
4.741581,31.964236,34.439737
4.761587,32.532116,33.442752
4.781594,33.112625,34.425586
4.801601,33.704902,34.852055
4.821607,34.308032,35.969541
4.841614,34.921057,34.713585
4.861621,35.542974,36.304006
4.881627,36.172746,33.896525
4.901634,36.809299,38.352835
4.921641,37.451532,36.500613
4.941647,38.098319,39.998049
4.961654,38.748513,39.291822
4.981661,39.400954,42.964228
5.001667,40.054472,40.080004
5.021674,40.707892,41.565379
5.041681,41.360040,39.574278
5.061687,42.009747,42.189153
5.081694,42.655853,41.487486
5.101701,43.297217,42.009656
5.121707,43.932716,44.317775
5.141714,44.561253,43.962463
5.161721,45.181759,46.953072
5.181727,45.793203,46.061835
5.201734,46.394590,43.695845
5.221741,46.984967,47.935387
5.241747,47.563431,45.730037
5.261754,48.129125,48.277026
5.281761,48.681249,47.961474
5.301767,49.219057,49.042068
5.321774,49.741864,51.383207
5.341781,50.249046,50.725861
5.361787,50.740042,50.317187
5.381794,51.214358,50.552612
5.401801,51.671565,49.794230
5.421807,52.111303,54.708633
5.441814,52.533281,53.405694
5.461821,52.937274,54.307359
5.481827,53.323128,50.853364
5.501834,53.690758,53.621697
5.521841,54.040143,56.325993
5.541847,54.371330,56.205357
5.561854,54.684430,55.192319
5.581861,54.979619,53.954367
5.601867,55.257129,55.476736
5.621874,55.517253,57.266670
5.641881,55.760339,46.065771
5.661887,55.986785,52.505976
5.681894,56.197040,56.771330
5.701901,56.391594,55.920641
5.721907,56.570983,55.706021
5.741914,56.735776,58.742202
5.761921,56.886576,58.051465
5.781927,57.024014,56.914182
5.801934,57.148746,56.239121
5.821941,57.261446,59.529839
5.841947,57.362801,55.802879
5.861954,57.453511,58.043260
5.881961,57.534278,60.625139
5.901967,57.605805,56.751417
5.921974,57.668791,58.782027
5.941981,57.723924,56.851227
5.961987,57.771881,55.797803
5.981994,57.813317,58.768822
6.002001,57.848868,56.620863
6.022007,57.879140,58.889690
6.042014,57.904710,57.357081
6.062021,57.926120,56.547185
6.082027,57.943875,59.320586
6.102034,57.958436,57.460231
6.122041,57.970223,58.805197
6.142047,57.979606,58.450500
6.162054,57.986907,56.828555
6.182061,57.992398,59.675341
6.202067,57.996294,61.290656
6.222074,57.998760,57.944742
6.242081,57.999901,58.350528
6.262087,57.999769,57.315065
6.282094,57.998358,55.691713
6.302101,57.995605,57.391064
6.322107,57.991392,57.481959
6.342114,57.985544,57.070100
6.362121,57.977833,54.710121
6.382127,57.967977,58.107944
6.402134,57.955645,55.732678
6.422141,57.940454,56.739828
6.442147,57.921977,57.412102
6.462154,57.899743,56.037446
6.482161,57.873239,57.666281
6.502167,57.841916,58.974146
6.522174,57.805190,59.856106
6.542181,57.762449,58.371791
6.562187,57.713052,57.929032
6.582194,57.656339,56.309540
6.602201,57.591631,58.580507
6.622207,57.518237,56.981136
6.642214,57.435456,57.016032
6.662221,57.342587,57.206445
6.682227,57.238925,58.563871
6.702234,57.123775,57.020614
6.722241,56.996451,62.108893
6.742247,56.856282,58.339060
6.762254,56.702618,57.433058
6.782261,56.534833,56.376090
6.802267,56.352331,56.006832
6.822274,56.154548,55.869586
6.842281,55.940960,56.519343
6.862287,55.711083,54.474863
6.882294,55.464478,57.242092
6.902301,55.200759,55.000242
6.922307,54.919588,55.314670
6.942314,54.620685,57.234408
6.962321,54.303828,52.019170
6.982327,53.968857,53.402753
7.002334,53.615673,54.773942
7.022341,53.244243,52.863341
7.042347,52.854600,53.971843
7.062354,52.446845,52.119898
7.082361,52.021147,50.678679
7.102367,51.577743,52.022867
7.122374,51.116940,52.685060
7.142381,50.639111,48.983677
7.162387,50.144700,51.776293
7.182394,49.634215,51.324836
7.202401,49.108229,49.750428
7.222407,48.567380,48.185698
7.242414,48.012365,48.884834
7.262421,47.443943,46.434369
7.282427,46.862925,48.031623
7.302434,46.270178,46.909146
7.322441,45.666616,46.309019
7.342447,45.053201,44.404118
7.362454,44.430935,41.758001
7.382461,43.800859,43.621604
7.402467,43.164046,41.690825
7.422474,42.521601,42.911910
7.442481,41.874650,43.704278
7.462487,41.224339,42.424919
7.482494,40.571829,38.554076
7.502501,39.918292,38.296696
7.522508,39.264901,39.295219
7.542514,38.612832,38.696979
7.562521,37.963252,37.623368
7.582528,37.317321,36.893177
7.602534,36.676179,34.439196
7.622541,36.040948,36.996602
7.642548,35.412725,35.472216
7.662554,34.792576,34.406790
7.682561,34.181531,36.623392
7.702568,33.580585,33.934374
7.722574,32.990686,33.718465
7.742581,32.412738,34.359073
7.762588,31.847593,32.735350
7.782594,31.296052,29.924606
7.802601,30.758855,30.971335
7.822608,30.236687,30.681533
7.842614,29.730169,31.612773
7.862621,29.239858,27.882148
7.882628,28.766247,29.420473
7.902634,28.309761,29.184762
7.922641,27.870758,26.894375
7.942648,27.449526,28.147122
7.962654,27.046286,25.703691
7.982661,26.661190,27.453980
8.002668,26.294320,24.310829
8.022674,25.945695,24.563913
8.042681,25.615264,26.937816
8.062688,25.302914,23.882796
8.082694,25.008467,23.667547
8.102701,24.731688,24.155491
8.122708,24.472280,24.337804
8.142714,24.229896,24.714429
8.162721,24.004134,23.254929
8.182728,23.794544,21.873837
8.202734,23.600632,21.103443
8.222741,23.421863,22.930482
8.242748,23.257666,22.308921
8.262754,23.107435,23.324401
8.282761,22.970540,23.795453
8.302768,22.846323,22.794912
8.322774,22.734109,23.797939
8.342781,22.633212,24.324004
8.362788,22.542930,22.306314
8.382794,22.462562,23.133009
8.402801,22.391405,22.906634
8.422808,22.328760,11.889043
8.442814,22.273939,21.609241
8.462821,22.226267,25.100379
8.482828,22.185089,22.433803
8.502834,22.149770,24.189626
8.522841,22.119705,21.529938
8.542848,22.094319,23.968336
8.562854,22.073070,23.278096
8.582861,22.055458,24.567049
8.602868,22.041020,21.645114
8.622874,22.029341,21.668976
8.642881,22.020051,20.691886
8.662888,22.012830,20.393687
8.682894,22.007410,24.870780
8.702901,22.003576,23.907802
8.722908,22.001167,21.401235
8.742914,22.000079,22.572118
8.762921,22.000264,23.254954
8.782928,22.001729,22.998133
8.802934,22.004540,23.041081
8.822941,22.008818,24.591570
8.842948,22.014739,20.354090
8.862954,22.022533,23.587418
8.882961,22.032485,21.201135
8.902968,22.044928,24.808596
8.922974,22.060247,22.347223
8.942981,22.078871,24.443482
8.962988,22.101272,23.111271
8.982994,22.127966,24.240999
9.003001,22.159502,18.618868
9.023008,22.196466,19.928602
9.043014,22.239472,23.236049
9.063021,22.289160,24.253426
9.083028,22.346193,22.098909
9.103034,22.411249,22.171978
9.123041,22.485020,24.870344
9.143048,22.568207,20.426682
9.163054,22.661512,22.065704
9.183061,22.765639,20.169868
9.203068,22.881282,23.584934
9.223074,23.009128,25.183142
9.243081,23.149847,23.604462
9.263088,23.304087,25.315727
9.283094,23.472473,25.596222
9.303101,23.655601,22.808673
9.323108,23.854032,25.083226
9.343114,24.068290,23.273907
9.363121,24.298856,27.568028
9.383128,24.546166,24.307865
9.403134,24.810606,23.923637
9.423141,25.092511,28.709697
9.443148,25.392158,26.828938
9.463154,25.709766,26.255939
9.483161,26.045495,26.081719
9.503168,26.399439,30.236256
9.523174,26.771629,26.512483
9.543181,27.162029,28.509445
9.563188,27.570535,28.048357
9.583194,27.996976,27.185407
9.603201,28.441112,29.041516
9.623208,28.902633,27.943152
9.643214,29.381161,27.445094
9.663221,29.876253,29.065873
9.683228,30.387396,28.687572
9.703234,30.914014,28.436423
9.723241,31.455468,31.527850
9.743248,32.011057,32.977085
9.763254,32.580021,30.775565
9.783261,33.161545,33.599244
9.803268,33.754761,35.187201
9.823274,34.358753,34.545261
9.843281,34.972557,34.176660
9.863288,35.595170,35.416083
9.883294,36.225548,37.106903
9.903301,36.862617,36.602643
9.923308,37.505273,36.132476
9.943314,38.152388,39.271480
9.963321,38.802813,40.503539
9.983328,39.455389,40.196525
10.003334,40.108944,40.831099
10.023341,40.762303,42.668393
10.043348,41.414292,41.130406
10.063354,42.063742,43.050023
10.083361,42.709497,43.531250
10.103368,43.350415,40.619339
10.123374,43.985375,43.695738
10.143381,44.613283,46.530147
10.163388,45.233073,45.120338
10.183394,45.843716,47.452543
10.203401,46.444221,45.398976
10.223408,47.033640,45.080953
10.243414,47.611071,46.204094
10.263421,48.175664,49.788438
10.283428,48.726623,48.448437
10.303434,49.263206,48.747661
10.323441,49.784734,49.881669
10.343448,50.290588,46.673568
10.363454,50.780212,50.926005
10.383461,51.253117,52.231621
10.403468,51.708882,52.667553
10.423474,52.147150,53.100292
10.443481,52.567636,53.263363
10.463488,52.970123,51.576869
10.483494,53.354461,54.073933
10.503501,53.720570,54.366516
10.523508,54.068435,54.045583
10.543515,54.398110,54.486195
10.563521,54.709711,53.288401
10.583528,55.003416,54.737933
10.603535,55.279466,56.145158
10.623541,55.538156,54.301903
10.643548,55.779839,55.803125
10.663555,56.004918,58.030912
10.683561,56.213845,56.031110
10.703568,56.407115,56.647525
10.723575,56.585265,55.194316
10.743581,56.748868,60.034336
10.763588,56.898530,55.805425
10.783595,57.034885,56.752982
10.803601,57.158588,58.864635
10.823608,57.270316,56.868837
10.843615,57.370757,56.468406
10.863621,57.460612,57.971194
10.883628,57.540582,57.676374
10.903635,57.611370,58.361800
10.923641,57.673675,56.555762
10.943648,57.728185,58.684341
10.963655,57.775574,60.549069
10.983661,57.816496,56.264121
11.003668,57.851584,57.962535
11.023675,57.881442,58.345207
11.043681,57.906646,60.519200
11.063688,57.927733,60.858126
11.083695,57.945204,56.861845
11.103701,57.959519,58.699022
11.123708,57.971092,54.031807
11.143715,57.980290,57.069108
11.163721,57.987431,59.838198
11.183728,57.992781,56.099072
11.203735,57.996552,59.410737
11.223741,57.998904,56.709612
11.243748,57.999938,54.895592
11.263755,57.999701,59.355773
11.283761,57.998181,58.565441
11.303768,57.995312,59.802110
11.323775,57.990969,58.618998
11.343781,57.984976,58.870814
11.363788,57.977097,55.275127
11.383795,57.967049,55.935006
11.403801,57.954494,58.483111
11.423808,57.939046,56.176453
11.443815,57.920275,60.560866
11.463821,57.897705,57.262896
11.483828,57.870821,58.740195
11.503835,57.839070,56.115525
11.523841,57.801867,59.396796
11.543848,57.758596,58.131261
11.563855,57.708615,57.395037
11.583861,57.651261,55.615100
11.603868,57.585856,58.169487
11.623875,57.511706,59.187773
11.643881,57.428112,53.027110
11.663888,57.334370,59.103286
11.683895,57.229778,56.467073
11.703901,57.113639,57.040790
11.723908,56.985270,57.296957
11.743915,56.844001,58.559889
11.763921,56.689184,59.280715
11.783928,56.520195,57.041118
11.803935,56.336440,55.854749
11.823941,56.137360,56.009050
11.843948,55.922432,55.547265
11.863955,55.691177,57.444056
11.883961,55.443160,51.789145
11.903968,55.177999,54.671399
11.923975,54.895360,55.920680
11.943981,54.594969,54.892598
11.963988,54.276608,53.879247
11.983995,53.940122,52.503195
12.004001,53.585418,52.704517
12.024008,53.212468,53.475274
12.044015,52.821311,50.624068
12.064021,52.412053,54.734066
12.084028,51.984869,50.365076
12.104035,51.540003,52.902725
12.124041,51.077765,50.756678
12.144048,50.598537,51.708345
12.164055,50.102766,50.070558
12.184061,49.590966,50.021999
12.204068,49.063717,48.895407
12.224075,48.521659,48.833136
12.244081,47.965498,49.410674
12.264088,47.395994,46.965948
12.284095,46.813965,44.369358
12.304101,46.220281,47.246818
12.324108,45.615861,41.680022
12.344115,45.001669,44.024044
12.364121,44.378712,41.989161
12.384128,43.748033,45.101371
12.404135,43.110709,43.320613
12.424141,42.467845,42.360375
12.444148,41.820570,43.937710
12.464155,41.170031,44.161244
12.484161,40.517391,42.062724
12.504168,39.863821,40.091273
12.524175,39.210495,38.445910
12.544181,38.558589,38.070295
12.564188,37.909270,37.660967
12.584195,37.263694,38.702472
12.604201,36.623002,37.521029
12.624208,35.988314,35.454557
12.644215,35.360723,33.417469
12.664221,34.741294,34.254344
12.684228,34.131054,35.086270
12.704235,33.530992,35.017641
12.724241,32.942055,32.682172
12.744248,32.365142,33.170895
12.764255,31.801101,31.679556
12.784261,31.250728,30.748944
12.804268,30.714758,30.096052
12.824275,30.193871,30.433131
12.844281,29.688684,28.388916
12.864288,29.199747,30.740791
12.884295,28.727547,30.037900
12.904301,28.272506,29.880988
12.924308,27.834973,28.303200
12.944315,27.415233,26.947994
12.964321,27.013500,25.426890
12.984328,26.629920,28.138346
13.004335,26.264572,25.648380
13.024341,25.917466,24.151556
13.044348,25.588547,26.068426
13.064355,25.277696,25.236343
13.084361,24.984731,25.672186
13.104368,24.709411,23.793572
13.124375,24.451437,23.817736
13.144381,24.210454,24.386780
13.164388,23.986057,27.385774
13.184395,23.777793,24.281335
13.204401,23.585164,22.826010
13.224408,23.407632,24.180062
13.244415,23.244622,22.719240
13.264421,23.095527,24.029496
13.284428,22.959713,24.035948
13.304435,22.836522,21.992998
13.324441,22.725279,22.902831
13.344448,22.625292,20.738316
13.364455,22.535864,21.715148
13.384461,22.456290,22.367139
13.404468,22.385869,23.215558
13.424475,22.323902,21.333877
13.444481,22.269703,20.954774
13.464488,22.222597,21.541127
13.484495,22.181930,23.598380
13.504502,22.147072,19.466445
13.524508,22.117418,24.016498
13.544515,22.092397,21.600046
13.564522,22.071470,20.304529
13.584528,22.054139,22.650144
13.604535,22.039947,22.812520
13.624542,22.028480,21.172527
13.644548,22.019374,24.364840
13.664555,22.012312,24.599987
13.684562,22.007032,21.774284
13.704568,22.003322,20.882706
13.724575,22.001027,23.140597
13.744582,22.000046,21.197798
13.764588,22.000337,21.556436
13.784595,22.001911,20.531147
13.804602,22.004839,23.017141
13.824608,22.009246,25.410292
13.844615,22.015313,23.977465
13.864622,22.023276,22.994430
13.884628,22.033422,21.460594
13.904635,22.046090,22.485909
13.924642,22.061667,22.884110
13.944648,22.080586,20.906614
13.964655,22.103325,20.445003
13.984662,22.130401,21.416669
14.004668,22.162367,20.995286
14.024675,22.199810,21.179143
14.044682,22.243348,24.040915
14.064688,22.293623,23.426756
14.084695,22.351298,31.205423
14.104702,22.417054,21.465595
14.124708,22.491583,23.928028
14.144715,22.575586,24.061606
14.164722,22.669766,21.861515
14.184728,22.774826,22.275049
14.204735,22.891461,21.334698
14.224742,23.020354,22.605324
14.244748,23.162175,20.185667
14.264755,23.317570,22.822589
14.284762,23.487163,24.531420
14.304768,23.671545,23.899128
14.324775,23.871276,24.294662
14.344782,24.086875,24.387111
14.364788,24.318820,25.197139
14.384795,24.567543,23.379242
14.404802,24.833427,24.380376
14.424808,25.116800,24.647051
14.444815,25.417936,26.624189
14.464822,25.737050,25.318531
14.484828,26.074293,26.067017
14.504835,26.429758,26.362534
14.524842,26.803468,26.132752
14.544848,27.195381,28.459479
14.564855,27.605390,27.726568
14.584862,28.033316,29.892615
14.604868,28.478913,27.771710
14.624875,28.941866,26.355490
14.644882,29.421793,30.135993
14.664888,29.918243,27.917789
14.684895,30.430698,26.697684
14.704902,30.958578,31.754394
14.724908,31.501237,31.332149
14.744915,32.057970,34.089122
14.764922,32.628013,34.787546
14.784928,33.210545,33.361685
14.804935,33.804695,34.438975
14.824942,34.409542,34.086618
14.844948,35.024120,34.709327
14.864955,35.647419,37.383541
14.884962,36.278397,38.889110
14.904968,36.915974,35.945363
14.924975,37.559045,39.168219
14.944982,38.206479,39.477320
14.964988,38.857129,37.025812
14.984995,39.509831,36.436937
15.005002,40.163414,41.658098
15.025008,40.816704,41.063840
15.045015,41.468526,41.476817
15.065022,42.117712,43.405938
15.085028,42.763107,41.365179
15.105035,43.403571,42.937611
15.125042,44.037985,42.534675
15.145048,44.665256,44.237539
15.165055,45.284323,38.104067
15.185062,45.894159,45.037071
15.205068,46.493776,46.152142
15.225075,47.082229,46.192983
15.245082,47.658622,49.037187
15.265088,48.222109,50.545697
15.285095,48.771897,48.773599
15.305102,49.307251,51.897276
15.325108,49.827496,53.392743
15.345115,50.332017,48.109726
15.365122,50.820266,50.022865
15.385128,51.291758,53.172226
15.405135,51.746077,52.295430
15.425142,52.182873,50.831858
15.445148,52.601867,42.491438
15.465155,53.002846,52.321163
15.485162,53.385667,52.904933
15.505168,53.750255,53.608589
15.525175,54.096602,56.289901
15.545182,54.424765,52.748575
15.565188,54.734867,53.479487
15.585195,55.027091,55.322131
15.605202,55.301682,55.090973
15.625208,55.558941,56.812597
15.645215,55.799224,55.122156
15.665222,56.022939,58.513724
15.685228,56.230542,56.235010
15.705235,56.422531,55.660446
15.725242,56.599446,58.493386
15.745248,56.761864,58.773163
15.765255,56.910393,57.782538
15.785262,57.045667,57.148965
15.805268,57.168347,56.099074
15.825275,57.279107,55.484847
15.845282,57.378640,58.347949
15.865288,57.467644,55.894330
15.885295,57.546822,57.781553
15.905302,57.616877,59.039414
15.925308,57.678506,57.984823
15.945315,57.732397,58.233626
15.965322,57.779222,58.413133
15.985328,57.819634,57.627474
16.005335,57.854263,55.903917
16.025342,57.883713,60.220380
16.045348,57.908553,58.651084
16.065355,57.929320,58.655238
16.085362,57.946512,59.643456
16.105368,57.960583,58.942926
16.125375,57.971944,56.067050
16.145382,57.980959,59.707700
16.165388,57.987941,59.039406
16.185395,57.993153,57.236747
16.205402,57.996801,59.487249
16.225408,57.999040,56.465926
16.245415,57.999967,56.334996
16.265422,57.999624,60.476853
16.285428,57.997995,58.332191
16.305435,57.995008,57.030704
16.325442,57.990536,60.203692
16.345448,57.984395,60.390494
16.365455,57.976347,57.807305
16.385462,57.966103,58.525003
16.405468,57.953322,59.295787
16.425475,57.937615,59.511884
16.445482,57.918546,57.827834
16.465488,57.895637,55.639967
16.485495,57.868369,56.260536
16.505502,57.836187,58.271883
16.525509,57.798502,57.465476
16.545515,57.754696,58.397198
16.565522,57.704126,56.117842
16.585529,57.646128,58.807407
16.605535,57.580020,58.406378
16.625542,57.505111,56.960519
16.645549,57.420698,68.528100
16.665555,57.326078,57.777714
16.685562,57.220550,58.842566
16.705569,57.103418,55.891346
16.725575,56.973999,56.274993
16.745582,56.831626,56.139689
16.765589,56.675651,53.659348
16.785595,56.505454,56.061523
16.805602,56.320443,55.639304
16.825609,56.120061,56.350365
16.845615,55.903791,57.795763
16.865622,55.671155,54.712434
16.885629,55.421723,55.143817
16.905635,55.155117,53.311273
16.925642,54.871009,53.836872
16.945649,54.569127,55.288192
16.965655,54.249261,56.521233
16.985662,53.911260,53.951768
17.005669,53.555035,53.203226
17.025675,53.180566,55.502650
17.045682,52.787895,55.380185
17.065689,52.377136,52.778933
17.085695,51.948469,51.294450
17.105702,51.502142,52.285368
17.125709,51.038473,53.717257
17.145715,50.557848,53.116030
17.165722,50.060721,49.491191
17.185729,49.547610,48.597473
17.205735,49.019101,49.100256
17.225742,48.475841,48.780761
17.245749,47.918538,46.156511
17.265755,47.347959,46.449057
17.285762,46.764924,44.441063
17.305769,46.170310,45.271866
17.325775,45.565038,43.933304
17.345782,44.950077,44.771495
17.365789,44.326436,44.825266
17.385795,43.695162,44.559171
17.405802,43.057333,41.991400
17.425809,42.414058,39.673228
17.445815,41.766467,44.779293
17.465822,41.115708,41.386651
17.485829,40.462946,39.263485
17.505835,39.809351,42.274233
17.525842,39.156100,39.117283
17.545849,38.504364,37.549632
17.565855,37.855313,36.584421
17.585862,37.210101,36.689009
17.605869,36.569867,33.929663
17.625875,35.935729,36.003999
17.645882,35.308778,36.955179
17.665889,34.690076,36.839625
17.685895,34.080646,31.908636
17.705902,33.481476,34.579175
17.725909,32.893508,31.329158
17.745915,32.317636,34.345267
17.765922,31.754704,31.027670
17.785929,31.205504,28.295974
17.805935,30.670766,30.930708
17.825942,30.151165,31.746663
17.845949,29.647311,32.463880
17.865955,29.159751,28.811633
17.885962,28.688967,27.286825
17.905969,28.235371,30.382062
17.925975,27.799312,31.160047
17.945982,27.381065,27.709527
17.965989,26.980840,24.614372
17.985995,26.598778,26.714296
18.006002,26.234950,26.118057
18.026009,25.889362,24.358274
18.046015,25.561954,23.736901
18.066022,25.252602,26.791614
18.086029,24.961118,27.650569
18.106035,24.687255,24.148801
18.126042,24.430711,24.486058
18.146049,24.191127,27.439402
18.166055,23.968092,24.788814
18.186062,23.761151,24.380902
18.206069,23.569801,25.848691
18.226075,23.393501,25.296794
18.246082,23.231674,24.132409
18.266089,23.083711,21.642320
18.286095,22.948974,23.095314
18.306102,22.826805,22.156580
18.326109,22.716526,21.215195
18.346115,22.617446,23.472583
18.366122,22.528866,32.707268
18.386129,22.450082,21.837542
18.406135,22.380392,25.842731
18.426142,22.319098,23.833516
18.446149,22.265515,23.968892
18.466155,22.218971,23.981044
18.486162,22.178812,21.643745
18.506169,22.144410,21.079602
18.526175,22.115164,19.371003
18.546182,22.090504,21.246516
18.566189,22.069895,22.667094
18.586195,22.052843,21.446643
18.606202,22.038892,22.960135
18.626209,22.027636,21.472236
18.646215,22.018711,20.461952
18.666222,22.011808,19.979432
18.686229,22.006665,21.513423
18.706235,22.003079,20.061619
18.726242,22.000896,18.776709
18.746249,22.000022,23.450920
18.766255,22.000418,24.073926
18.786262,22.002102,22.043147
18.806269,22.005147,20.212026
18.826275,22.009685,23.800432
18.846282,22.015901,20.347038
18.866289,22.024034,23.555439
18.886295,22.034376,19.591294
18.906302,22.047271,21.501367
18.926309,22.063109,21.437244
18.946315,22.082328,21.758487
18.966322,22.105409,20.318410
18.986329,22.132870,24.105269
19.006335,22.165270,23.662354
19.026342,22.203197,22.536408
19.046349,22.247272,22.403852
19.066355,22.298138,24.136514
19.086362,22.356460,22.631395
19.106369,22.422920,22.122551
19.126375,22.498212,20.517598
19.146382,22.583036,24.136014
19.166389,22.678096,24.827215
19.186395,22.784094,22.890962
19.206402,22.901724,20.094702
19.226409,23.031670,24.583276
19.246415,23.174597,20.953513
19.266422,23.331152,21.972541
19.286429,23.501955,24.279214
19.306435,23.687596,23.131919
19.326442,23.888629,26.507530
19.346449,24.105573,25.342190
19.366455,24.338900,26.450001
19.386462,24.589040,24.014660
19.406469,24.856369,26.410661
19.426475,25.141213,27.391501
19.446482,25.443840,23.439258
19.466489,25.764459,24.013400
19.486495,26.103219,25.791849
19.506502,26.460204,26.935414
19.526509,26.835433,25.254469
19.546516,27.228860,27.758270
19.566522,27.640369,27.116436
19.586529,28.069778,24.610038
19.606536,28.516834,28.376291
19.626542,28.981217,29.653411
19.646549,29.462539,29.857457
19.666556,29.960343,30.009275
19.686562,30.474108,31.254635
19.706569,31.003245,32.181627
19.726576,31.547104,29.839136
19.746582,32.104976,29.971795
19.766589,32.676092,31.788917
19.786596,33.259626,33.508474
19.806602,33.854704,32.925566
19.826609,34.460399,34.898197
19.846616,35.075742,33.104551
19.866622,35.699722,35.416393
19.886629,36.331291,37.077138
19.906636,36.969369,39.029130
19.926642,37.612847,40.044156
19.946649,38.260593,40.747890
19.966656,38.911458,38.375531
19.986662,39.564279,40.559780
20.006669,40.217882,39.816158
20.026676,40.871094,38.941601
20.046682,41.522741,39.950716
20.066689,42.171656,40.921742
20.086696,42.816683,43.833622
20.106702,43.456685,41.278706
20.126709,44.090545,44.227095
20.146716,44.717173,44.370348
20.166722,45.335509,47.224716
20.186729,45.944531,47.439584
20.206736,46.543252,45.910207
20.226742,47.130734,46.332056
20.246749,47.706084,47.951593
20.266756,48.268458,48.101626
20.286762,48.817071,47.303514
20.306769,49.351191,49.377729
20.326776,49.870148,50.445506
20.346782,50.373333,49.235734
20.366789,50.860203,52.005685
20.386796,51.330279,52.421180
20.406802,51.783150,51.326386
20.426809,52.218473,51.274702
20.446816,52.635972,54.250477
20.466822,53.035443,55.471565
20.486829,53.416746,55.324241
20.506836,53.779814,53.204212
20.526842,54.124642,54.565580
20.546849,54.451295,54.603350
20.566856,54.759899,54.930299
20.586862,55.050643,51.873914
20.606869,55.323777,56.615273
20.626876,55.579608,55.655579
20.646882,55.818494,54.523679
20.666889,56.040848,56.405037
20.686896,56.247130,55.707185
20.706902,56.437842,55.088251
20.726909,56.613526,55.949919
20.746916,56.774763,56.557122
20.766922,56.922163,57.766751
20.786929,57.056362,55.610301
20.806936,57.178022,54.753649
20.826942,57.287821,59.111408
20.846949,57.386449,57.382472
20.866956,57.474607,56.936254
20.886962,57.552998,52.560754
20.906969,57.622325,56.859228
20.926976,57.683283,58.519029
20.946982,57.736560,57.322937
20.966989,57.782826,57.502208
20.986996,57.822732,47.059435
21.007002,57.856907,57.885349
21.027009,57.885951,57.346809
21.047016,57.910432,58.696305
21.067022,57.930883,54.935691
21.087029,57.947797,56.003901
21.107036,57.961628,55.729834
21.127042,57.972780,57.991178
21.147049,57.981615,57.317775
21.167056,57.988440,59.301746
21.187062,57.993514,60.184708
21.207069,57.997039,58.288019
21.227076,57.999166,59.511359
21.247082,57.999987,59.636871
21.267089,57.999538,57.386070
21.287096,57.997799,58.935552
21.307102,57.994694,58.950055
21.327109,57.990091,57.411175
21.347116,57.983801,56.468439
21.367122,57.975582,59.555867
21.387129,57.965140,58.982527
21.407136,57.952131,56.959006
21.427142,57.936161,57.691808
21.447149,57.916790,58.586976
21.467156,57.893538,57.012984
21.487162,57.865883,57.135968
21.507169,57.833265,57.220036
21.527176,57.795094,59.598709
21.547182,57.750749,58.322020
21.567189,57.699586,59.542160
21.587196,57.640938,56.917358
21.607202,57.574124,57.849695
21.627209,57.498449,58.970455
21.647216,57.413212,59.065466
21.667222,57.317710,59.346861
21.687229,57.211242,55.314217
21.707236,57.093112,56.941350
21.727242,56.962639,57.045269
21.747249,56.819156,57.290759
21.767256,56.662020,56.813811
21.787262,56.490610,53.937266
21.807269,56.304339,55.455678
21.827276,56.102653,56.157507
21.847282,55.885036,56.658450
21.867289,55.651016,54.276743
21.887296,55.400167,58.416810
21.907302,55.132114,55.738920
21.927309,54.846534,54.671529
21.947316,54.543161,55.358848
21.967322,54.221789,54.580449
21.987329,53.882271,55.043138
22.007336,53.524526,52.428679
22.027342,53.148537,51.312876
22.047349,52.754354,52.329855
22.067356,52.342095,53.620302
22.087362,51.911945,51.195374
22.107369,51.464160,55.583270
22.127376,50.999063,50.461331
22.147382,50.517045,52.200874
22.167389,50.018565,48.807817
22.187396,49.504148,51.319231
22.207402,48.974384,48.450161
22.227409,48.429926,47.440205
22.247416,47.871486,46.850132
22.267422,47.299836,43.698668
22.287429,46.715803,47.535410
22.307436,46.120264,45.894798
22.327442,45.514147,48.500053
22.347449,44.898424,44.247081
22.367456,44.274107,44.255390
22.387462,43.642245,43.162135
22.407469,43.003920,44.033985
22.427476,42.360241,41.763391
22.447482,41.712342,41.966853
22.467489,41.061372,39.379597
22.487496,40.408495,38.123181
22.507503,39.754884,41.181082
22.527509,39.101714,36.882673
22.547516,38.450158,39.058179
22.567523,37.801383,40.091434
22.587529,37.156542,35.462772
22.607536,36.516774,35.524398
22.627543,35.883193,35.822327
22.647549,35.256890,33.348439
22.667556,34.638922,33.264641
22.687563,34.030310,32.674433
22.707569,33.432038,33.337228
22.727576,32.845044,33.410577
22.747583,32.270219,30.845351
22.767589,31.708403,30.996531
22.787596,31.160380,31.397622
22.807603,30.626879,30.697380
22.827609,30.108568,29.101193
22.847616,29.606052,32.497152
22.867623,29.119872,26.623534
22.887629,28.650505,26.549332
22.907636,28.198359,25.310249
22.927643,27.763774,29.237251
22.947649,27.347022,27.298231
22.967656,26.948306,13.603031
22.987663,26.567762,27.745536
23.007669,26.205455,25.259546
23.027676,25.861385,26.265411
23.047683,25.535488,25.711845
23.067689,25.227632,26.211327
23.087696,24.937627,26.954071
23.107703,24.665220,26.557252
23.127709,24.410103,23.283429
23.147716,24.171914,24.004714
23.167723,23.950239,25.236895
23.187729,23.744617,24.317247
23.207736,23.554542,23.778863
23.227743,23.379471,26.248861
23.247749,23.218823,23.190197
23.267756,23.071987,23.081730
23.287763,22.938323,19.935380
23.307769,22.817171,21.406168
23.327776,22.707851,22.852605
23.347783,22.609673,23.376341
23.367789,22.521936,24.028139
23.387796,22.443937,22.887404
23.407803,22.374973,21.816421
23.427809,22.314348,21.009972
23.447816,22.261377,22.115015
23.467823,22.215389,21.961528
23.487829,22.175734,24.848337
23.507836,22.141784,22.640541
23.527843,22.112941,20.829532
23.547849,22.088639,23.046480
23.567856,22.068345,21.284633
23.587863,22.051568,23.027459
23.607869,22.037857,21.474938
23.627876,22.026808,19.667097
23.647883,22.018063,24.470232
23.667889,22.011315,21.664869
23.687896,22.006310,21.292871
23.707903,22.002845,26.213055
23.727909,22.000774,21.506809
23.747916,22.000007,21.741632
23.767923,22.000509,22.416144
23.787929,22.002302,21.517435
23.807936,22.005466,22.351121
23.827943,22.010136,23.238329
23.847949,22.016501,22.357428
23.867956,22.024807,22.872113
23.887963,22.035348,23.278053
23.907969,22.048473,23.877509
23.927976,22.064575,20.869959
23.947983,22.084097,22.724240
23.967989,22.107522,24.839608
23.987996,22.135373,20.938673
24.008003,22.168211,22.894211
24.028009,22.206626,24.650153
24.048016,22.251242,22.975961
24.068023,22.302704,22.892552
24.088029,22.361678,21.735486
24.108036,22.428848,23.652634
24.128043,22.504907,23.143313
24.148049,22.590557,23.569264
24.168056,22.686502,23.616613
24.188063,22.793443,24.262927
24.208069,22.912073,22.160951
24.228076,23.043075,25.991403
24.248083,23.187114,23.671922
24.268089,23.344833,24.440564
24.288096,23.516850,24.768280
24.308103,23.703753,23.075901
24.328109,23.906093,23.645768
24.348116,24.124385,22.106612
24.368123,24.359098,26.995614
24.388129,24.610656,25.406733
24.408136,24.879433,27.104018
24.428143,25.165750,29.409074
24.448149,25.469869,24.352550
24.468156,25.791995,25.664583
24.488163,26.132271,26.298857
24.508169,26.490776,26.486439
24.528176,26.867525,25.844626
24.548183,27.262464,30.382204
24.568189,27.675472,28.436678
24.588196,28.106362,24.632747
24.608203,28.554876,28.640345
24.628209,29.020686,26.785067
24.648216,29.503400,27.468122
24.668223,30.002555,27.390264
24.688229,30.517624,34.203092
24.708236,31.048013,30.726295
24.728243,31.593069,23.563585
24.748249,32.152075,34.356856
24.768256,32.724257,32.721136
24.788263,33.308788,32.755210
24.808269,33.904786,33.150306
24.828276,34.511323,32.709264
24.848283,35.127425,35.490178
24.868289,35.752078,36.074994
24.888296,36.384231,37.667162
24.908303,37.022801,37.269830
24.928309,37.666678,35.080967
24.948316,38.314729,36.345491
24.968323,38.965801,38.230087
24.988329,39.618732,39.749374
25.008336,40.272348,42.653284
25.028343,40.925474,40.091901
25.048349,41.576938,41.636266
25.068356,42.225572,40.041826
25.088363,42.870224,41.885136
25.108369,43.509757,45.234211
25.128376,44.143055,43.544910
25.148383,44.769032,46.236566
25.168389,45.386631,44.562387
25.188396,45.994831,43.706690
25.208403,46.592651,47.992397
25.228409,47.179156,47.205514
25.248416,47.753455,48.208867
25.268423,48.314712,48.512528
25.288429,48.862144,48.927312
25.308436,49.395025,48.476019
25.328443,49.912690,48.802872
25.348449,50.414536,48.999306
25.368456,50.900023,49.677858
25.388463,51.368681,53.191630
25.408469,51.820101,51.739959
25.428476,52.253948,51.370066
25.448483,52.669952,55.301386
25.468489,53.067913,53.860996
25.488496,53.447699,52.005118
25.508503,53.809245,53.502251
25.528510,54.152556,54.794746
25.548516,54.477699,55.066110
25.568523,54.784806,53.633951
25.588530,55.074073,54.712595
25.608536,55.345753,54.769630
25.628543,55.600157,56.697117
25.648550,55.837649,57.014701
25.668556,56.058646,59.032735
25.688563,56.263610,55.797753
25.708570,56.453048,57.958706
25.728576,56.627506,55.037399
25.748583,56.787566,54.024610
25.768590,56.933841,56.169851
25.788596,57.066970,60.566182
25.808603,57.187616,56.716604
25.828610,57.296457,59.246300
25.848616,57.394186,58.555423
25.868623,57.481503,60.489489
25.888630,57.559112,58.521879
25.908636,57.627715,58.031387
25.928643,57.688007,57.843988
25.948650,57.740674,58.343194
25.968656,57.786385,57.551355
25.988663,57.825791,59.333353
26.008670,57.859516,57.409217
26.028676,57.888158,58.804107
26.048683,57.912283,56.696999
26.068690,57.932421,57.989458
26.088696,57.949062,56.163911
26.108703,57.962654,59.025987
26.128710,57.973601,52.477463
26.148716,57.982256,67.016219
26.168723,57.988927,57.579643
26.188730,57.993864,57.038752
26.208736,57.997268,56.962784
26.228743,57.999283,58.889313
26.248750,57.999998,59.601881
26.268756,57.999443,56.543919
26.288763,57.997594,58.869910
26.308770,57.994370,48.425239
26.328776,57.989634,58.703738
26.348783,57.983193,58.067518
26.368790,57.974801,56.615984
26.388796,57.964159,58.370054
26.408803,57.950919,58.382640
26.428810,57.934683,56.608945
26.448816,57.915008,54.190034
26.468823,57.891409,60.473930
26.488830,57.863362,58.771890
26.508836,57.830304,57.609373
26.528843,57.791643,56.884368
26.548850,57.746755,56.400271
26.568856,57.694994,58.438649
26.588863,57.635692,59.490265
26.608870,57.568166,55.893662
26.628876,57.491721,57.304022
26.648883,57.405656,60.016625
26.668890,57.309267,55.069560
26.688896,57.201852,57.658064
26.708903,57.082720,57.452411
26.728910,56.951188,57.104810
26.748916,56.806592,57.211743
26.768923,56.648289,57.425632
26.788930,56.475663,54.282388
26.808936,56.288128,53.938971
26.828943,56.085133,57.488799
26.848950,55.866167,54.210481
26.868956,55.630760,55.731483
26.888963,55.378491,52.607248
26.908970,55.108989,55.323783
26.928976,54.821936,52.346856
26.948983,54.517070,53.458722
26.968990,54.194190,56.143620
26.988996,53.853156,56.539200
27.009003,53.493890,52.216035
27.029010,53.116382,52.386232
27.049016,52.720687,53.981911
27.069023,52.306929,51.575011
27.089030,51.875299,51.949710
27.109036,51.426058,52.396429
27.129043,50.959535,54.529669
27.149050,50.476127,49.463883
27.169056,49.976297,50.650645
27.189063,49.460578,49.419290
27.209070,48.929564,48.417895
27.229076,48.383913,48.614128
27.249083,47.824342,48.314357
27.269090,47.251628,49.651233
27.289096,46.666602,47.138676
27.309103,46.070146,48.069191
27.329110,45.463190,43.656123
27.349116,44.846711,48.735680
27.369123,44.221725,44.016461
27.389130,43.589282,42.210607
27.409136,42.950469,31.997076
27.429143,42.306395,41.726970
27.449150,41.658196,42.211550
27.469156,41.007022,38.445093
27.489163,40.354040,40.816245
27.509170,39.700421,42.387997
27.529176,39.047340,40.649931
27.549183,38.395971,41.055917
27.569190,37.747480,35.965315
27.589196,37.103019,37.429029
27.609203,36.463724,38.651468
27.629210,35.830709,36.246512
27.649216,35.205060,36.320663
27.669223,34.587833,34.749886
27.689230,33.980046,35.796577
27.709236,33.382679,33.603238
27.729243,32.796666,29.749577
27.749250,32.222893,33.076687
27.769256,31.662197,31.266378
27.789263,31.115357,32.850177
27.809270,30.583097,32.448016
27.829276,30.066080,29.978731
27.849283,29.564906,29.459562
27.869290,29.080110,28.636523
27.889296,28.612164,26.260119
27.909303,28.161469,30.934780
27.929310,27.728360,27.640474
27.949316,27.313105,21.452888
27.969323,26.915899,27.561679
27.989330,26.536872,28.246490
28.009336,26.176086,27.344137
28.029343,25.833534,26.243968
28.049350,25.509146,23.195327
28.069356,25.202786,25.224437
28.089363,24.914258,24.615155
28.109370,24.643304,25.856162
28.129376,24.389613,25.529606
28.149383,24.152817,24.725237
28.169390,23.932497,23.600822
28.189396,23.728190,21.886523
28.209403,23.539388,22.748274
28.229410,23.365541,24.390059
28.249416,23.206068,23.648990
28.269423,23.060354,21.580076
28.289430,22.927758,23.229280
28.309436,22.807618,21.547609
28.329443,22.699254,23.985224
28.349450,22.601973,21.775552
28.369456,22.515074,21.225118
28.389463,22.437854,23.055503
28.409470,22.369612,21.565529
28.429476,22.309651,20.646687
28.449483,22.257287,20.620154
28.469490,22.211851,23.600076
28.489496,22.172695,21.682523
28.509503,22.139194,26.419324
28.529510,22.110750,23.231871
28.549517,22.086802,20.798427
28.569523,22.066819,20.981001
28.589530,22.050314,21.817970
28.609537,22.036840,23.481707
28.629543,22.025995,20.016781
28.649550,22.017428,25.218758
28.669557,22.010835,22.899407
28.689563,22.005964,21.620109
28.709570,22.002621,24.550841
28.729577,22.000661,21.102402
28.749583,22.000000,24.515097
28.769590,22.000608,22.085802
28.789597,22.002512,22.691768
28.809603,22.005796,21.314674
28.829610,22.010599,20.616937
28.849617,22.017116,21.864928
28.869623,22.025595,19.353774
28.889630,22.036338,20.347673
28.909637,22.049695,23.756320
28.929643,22.066065,21.840561
28.949650,22.085893,24.304746
28.969657,22.109667,23.228324
28.989663,22.137911,20.349191
29.009670,22.171190,20.790283
29.029677,22.210099,22.933847
29.049683,22.255260,17.847489
29.069690,22.307322,22.142060
29.089697,22.366953,21.967304
29.109703,22.434837,21.478925
29.129710,22.511668,22.240948
29.149717,22.598150,22.211778
29.169723,22.694984,22.803819
29.189730,22.802873,24.427783
29.209737,22.922508,23.485575
29.229743,23.054572,22.688519
29.249750,23.199726,26.574477
29.269757,23.358614,23.068080
29.289763,23.531849,26.286769
29.309770,23.720018,23.909749
29.329777,23.923668,23.630719
29.349783,24.143311,22.884054
29.369790,24.379412,24.023868
29.389797,24.632392,22.242036
29.409803,24.902619,23.352575
29.429810,25.190410,25.104516
29.449817,25.496022,22.964181
29.469823,25.819656,25.987022
29.489830,26.161449,25.775371
29.509837,26.521475,27.930907
29.529843,26.899743,24.971779
29.549850,27.296193,27.029322
29.569857,27.710700,27.007705
29.589863,28.143069,26.914268
29.609870,28.593038,28.297630
29.629877,29.060273,29.868086
29.649883,29.544375,30.584930
29.669890,30.044878,30.448573
29.689897,30.561246,29.796164
29.709903,31.092884,32.269494
29.729910,31.639130,30.326217
29.749917,32.199264,33.107037
29.769923,32.772508,33.692075
29.789930,33.358029,33.666723
29.809937,33.954941,31.300119
29.829943,34.562313,34.315782
29.849950,35.179167,34.124015
29.869957,35.804486,33.354847
29.889963,36.437215,38.013392
29.909970,37.076270,37.860080
29.929977,37.720539,36.806951
29.949983,38.368885,40.345783
29.969990,39.020157,39.029020
29.989997,39.673190,38.109099
30.010003,40.326810,39.636396
30.030010,40.979843,42.174737
30.050017,41.631115,42.309043
30.070023,42.279461,41.282790
30.090030,42.923730,41.617291
30.110037,43.562785,44.954896
30.130043,44.195514,45.358635
30.150050,44.820833,43.119822
30.170057,45.437687,42.790144
30.190063,46.045059,43.723950
30.210070,46.641971,47.141829
30.230077,47.227492,49.240963
30.250083,47.800736,47.360180
30.270090,48.360870,45.466460
30.290097,48.907116,49.874903
30.310103,49.438754,46.881431
30.330110,49.955122,51.624384
30.350117,50.455625,51.493566
30.370123,50.939727,51.128883
30.390130,51.406962,53.396646
30.410137,51.856931,54.058354
30.430143,52.289300,50.456070
30.450150,52.703807,53.181092
30.470157,53.100257,50.201508
30.490163,53.478525,51.206639
30.510170,53.838551,53.276456
30.530177,54.180344,54.402236
30.550183,54.503978,54.045603
30.570190,54.809590,53.586312
30.590197,55.097381,50.982288
30.610203,55.367608,52.740775
30.630210,55.620588,55.276023
30.650217,55.856689,57.461805
30.670223,56.076332,56.919776
30.690230,56.279982,55.496699
30.710237,56.468151,56.563928
30.730243,56.641386,58.390492
30.750250,56.800274,55.770942
30.770257,56.945428,57.635958
30.790263,57.077492,54.863868
30.810270,57.197127,56.141443
30.830277,57.305016,55.577718
30.850283,57.401850,56.885085
30.870290,57.488332,55.507837
30.890297,57.565163,56.999021
30.910303,57.633047,56.856630
30.930310,57.692678,58.032676
30.950317,57.744740,59.021770
30.970323,57.789901,59.370750
30.990330,57.828810,57.856735
31.010337,57.862089,59.448951
31.030343,57.890333,56.820346
31.050350,57.914107,57.240001
31.070357,57.933935,57.506636
31.090363,57.950305,57.197603
31.110370,57.963662,56.304163
31.130377,57.974405,57.317459
31.150383,57.982884,58.572719
31.170390,57.989401,58.849512
31.190397,57.994204,57.462233
31.210403,57.997488,57.590724
31.230410,57.999392,58.483165
31.250417,58.000000,58.513205
31.270423,57.999339,56.143492
31.290430,57.997379,57.468578
31.310437,57.994036,57.674398
31.330443,57.989165,57.183586
31.350450,57.982572,57.486836
31.370457,57.974005,56.958662
31.390463,57.963160,59.296572
31.410470,57.949686,59.231736
31.430477,57.933181,58.975190
31.450483,57.913198,55.500106
31.470490,57.889250,57.762764
31.490497,57.860806,57.238863
31.510504,57.827305,59.291948
31.530510,57.788149,58.790841
31.550517,57.742713,59.664911
31.570524,57.690349,60.204635
31.590530,57.630388,57.396318
31.610537,57.562146,56.521786
31.630544,57.484926,56.308394
31.650550,57.398027,55.703197
31.670557,57.300746,58.368813
31.690564,57.192382,55.098647
31.710570,57.072242,54.955177
31.730577,56.939646,56.428483
31.750584,56.793932,60.387376
31.770590,56.634459,55.865579
31.790597,56.460612,57.654786
31.810604,56.271810,57.426567
31.830610,56.067503,55.422595
31.850617,55.847183,57.146015
31.870624,55.610387,56.325837
31.890630,55.356696,54.651598
31.910637,55.085742,54.809852
31.930644,54.797214,54.267394
31.950650,54.490854,56.451234
31.970657,54.166466,51.561607
31.990664,53.823914,54.720205
32.010670,53.463128,54.082301
32.030677,53.084101,53.846800
32.050684,52.686895,51.955561
32.070690,52.271640,52.043013
32.090697,51.838531,49.984016
32.110704,51.387836,53.513047
32.130710,50.919890,52.893467
32.150717,50.435094,47.482684
32.170724,49.933920,50.589710
32.190730,49.416903,49.174476
32.210737,48.884643,49.440150
32.230744,48.337803,47.922662
32.250750,47.777107,45.205160
32.270757,47.203334,49.084609
32.290764,46.617321,46.742317
32.310770,46.019954,45.573390
32.330777,45.412167,45.644292
32.350784,44.794940,46.098606
32.370790,44.169291,44.033090
32.390797,43.536276,42.168073
32.410804,42.896981,42.772786
32.430810,42.252520,44.333373
32.450817,41.604029,42.737826
32.470824,40.952660,39.951122
32.490830,40.299579,39.942625
32.510837,39.645960,43.579154
32.530844,38.992978,38.778931
32.550850,38.341804,39.141204
32.570857,37.693605,39.450645
32.590864,37.049531,35.510789
32.610870,36.410718,35.537438
32.630877,35.778275,36.890810
32.650884,35.153289,34.028251
32.670890,34.536810,35.847739
32.690897,33.929854,34.771470
32.710904,33.333398,31.668422
32.730910,32.748372,34.733386
32.750917,32.175658,17.677696
32.770924,31.616087,31.235771
32.790930,31.070436,30.424934
32.810937,30.539422,28.942572
32.830944,30.023703,33.390084
32.850950,29.523873,32.478469
32.870957,29.040465,25.445352
32.890964,28.573942,29.114454
32.910970,28.124701,27.684237
32.930977,27.693071,26.823069
32.950984,27.279313,29.639502
32.970990,26.883618,28.536259
32.990997,26.506110,27.617949
33.011004,26.146844,25.620491
33.031010,25.805810,28.185056
33.051017,25.482930,24.585735
33.071024,25.178064,27.910166
33.091030,24.891011,26.511364
33.111037,24.621509,24.951250
33.131044,24.369240,25.855577
33.151050,24.133833,21.673277
33.171057,23.914867,26.084917
33.191064,23.711872,26.202585
33.211070,23.524337,24.417721
33.231077,23.351711,24.544847
33.251084,23.193408,21.940509
33.271090,23.048812,22.333067
33.291097,22.917280,24.163258
33.311104,22.798148,21.716753
33.331110,22.690733,21.093177
33.351117,22.594344,21.813948
33.371124,22.508279,20.260331
33.391130,22.431834,20.659687
33.411137,22.364308,20.531608
33.431144,22.305006,22.810522
33.451150,22.253245,21.832511
33.471157,22.208357,24.150252
33.491164,22.169696,19.553875
33.511170,22.136638,23.087128
33.531177,22.108591,24.164488
33.551184,22.084992,21.252375
33.571190,22.065317,21.845994
33.591197,22.049081,21.382409
33.611204,22.035841,20.894205
33.631210,22.025199,19.467372
33.651217,22.016807,21.107437
33.671224,22.010366,22.013412
33.691230,22.005630,23.118866
33.711237,22.002406,19.009248
33.731244,22.000557,19.398542
33.751250,22.000002,23.961959
33.771257,22.000717,22.554041
33.791264,22.002732,20.880644
33.811270,22.006136,21.496258
33.831277,22.011073,22.980583
33.851284,22.017744,20.359025
33.871290,22.026399,22.096940
33.891297,22.037346,23.834925
33.911304,22.050938,23.434428
33.931310,22.067579,23.985293
33.951317,22.087717,23.201337
33.971324,22.111842,24.311668
33.991330,22.140484,23.211229
34.011337,22.174209,22.923246
34.031344,22.213615,20.947361
34.051350,22.259326,22.387422
34.071357,22.311993,20.746726
34.091364,22.372285,21.181696
34.111370,22.440888,19.783080
34.131377,22.518497,21.122946
34.151384,22.605814,23.657058
34.171390,22.703543,23.106218
34.191397,22.812384,21.509776
34.211404,22.933030,22.916258
34.231410,23.066159,21.809364
34.251417,23.212434,23.187889
34.271424,23.372494,24.543143
34.291430,23.546952,21.592061
34.311437,23.736390,23.904753
34.331444,23.941354,23.619979
34.351450,24.162351,24.644182
34.371457,24.399843,21.544383
34.391464,24.654247,23.529646
34.411470,24.925927,27.572096
34.431477,25.215194,26.210053
34.451484,25.522301,25.988679
34.471490,25.847444,26.798901
34.491497,26.190755,25.058317
34.511504,26.552301,24.464588
34.531511,26.932087,26.867798
34.551517,27.330048,26.467084
34.571524,27.746052,27.535678
34.591531,28.179899,27.425285
34.611537,28.631319,27.655002
34.631544,29.099977,16.452183
34.651551,29.585464,27.660024
34.671557,30.087310,29.957742
34.691564,30.604975,31.195634
34.711571,31.137856,31.549052
34.731577,31.685288,28.596051
34.751584,32.246545,31.330322
34.771591,32.820844,33.316105
34.791597,33.407349,31.942550
34.811604,34.005169,32.384811
34.831611,34.613369,33.050620
34.851617,35.230968,34.881597
34.871624,35.856945,35.496742
34.891631,36.490243,38.110549
34.911637,37.129776,35.726072
34.931644,37.774428,39.022984
34.951651,38.423062,37.419268
34.971657,39.074526,40.373323
34.991664,39.727652,40.325116
35.011671,40.381268,40.663800
35.031677,41.034199,39.206035
35.051684,41.685271,40.840322
35.071691,42.333322,42.130132
35.091697,42.977199,43.019333
35.111704,43.615769,44.196342
35.131711,44.247922,43.530180
35.151717,44.872575,46.089447
35.171724,45.488677,46.066265
35.191731,46.095214,47.132290
35.211737,46.691212,48.099770
35.231744,47.275743,48.398696
35.251751,47.847925,44.940966
35.271757,48.406931,49.860843
35.291764,48.951987,48.751140
35.311771,49.482376,51.268256
35.331777,49.997445,48.869127
35.351784,50.496600,51.508269
35.371791,50.979314,53.052644
35.391797,51.445124,54.189498
35.411804,51.893638,53.153779
35.431811,52.324528,61.019873
35.451817,52.737536,53.618773
35.471824,53.132475,52.709149
35.491831,53.509224,53.284423
35.511837,53.867729,53.340836
35.531844,54.208005,53.314147
35.551851,54.530131,54.790619
35.571857,54.834250,52.842644
35.591864,55.120567,56.642760
35.611871,55.389344,54.822159
35.631877,55.640902,54.488442
35.651884,55.875615,55.697620
35.671891,56.093907,58.785617
35.691897,56.296247,55.879939
35.711904,56.483150,57.720023
35.731911,56.655167,56.041512
35.751917,56.812886,56.638276
35.771924,56.956925,57.579963
35.791931,57.087927,54.085174
35.811937,57.206557,54.477554
35.831944,57.313498,55.517935
35.851951,57.409443,56.716483
35.871957,57.495093,60.315153
35.891964,57.571152,59.875691
35.911971,57.638322,56.559576
35.931977,57.697296,56.899952
35.951984,57.748758,60.179833
35.971991,57.793374,55.491258
35.991997,57.831789,55.717232
36.012004,57.864627,55.768612
36.032011,57.892478,60.638012
36.052017,57.915903,58.532712
36.072024,57.935425,58.575852
36.092031,57.951527,58.134825
36.112037,57.964652,57.989168
36.132044,57.975193,57.649408
36.152051,57.983499,55.247835
36.172057,57.989864,56.140061
36.192064,57.994534,56.952532
36.212071,57.997698,59.991033
36.232077,57.999491,57.094114
36.252084,57.999993,58.625038
36.272091,57.999226,59.171380
36.292097,57.997155,58.907294
36.312104,57.993690,58.062704
36.332111,57.988685,58.582941
36.352117,57.981937,57.935890
36.372124,57.973192,57.144148
36.392131,57.962143,59.602688
36.412137,57.948432,60.159178
36.432144,57.931655,57.555460
36.452151,57.911361,57.592844
36.472157,57.887059,61.439157
36.492164,57.858216,58.387297
36.512171,57.824266,58.222213
36.532177,57.784611,58.680186
36.552184,57.738623,58.382282
36.572191,57.685652,59.917155
36.592197,57.625027,55.962813
36.612204,57.556063,56.476315
36.632211,57.478064,56.619114
36.652217,57.390327,58.369399
36.672224,57.292149,58.121529
36.692231,57.182829,57.696187
36.712237,57.061677,56.204447
36.732244,56.928013,58.427379
36.752251,56.781177,58.114340
36.772257,56.620529,55.826777
36.792264,56.445458,56.132435
36.812271,56.255383,56.168613
36.832277,56.049761,56.472782
36.852284,55.828086,55.290632
36.872291,55.589897,56.701839
36.892297,55.334780,53.123441
36.912304,55.062373,53.745088
36.932311,54.772368,56.877444
36.952317,54.464512,56.159926
36.972324,54.138615,53.388421
36.992331,53.794545,54.423387
37.012337,53.432238,54.034616
37.032344,53.051694,51.927083
37.052351,52.652978,52.876932
37.072357,52.236226,50.910364
37.092364,51.801641,51.615730
37.112371,51.349495,52.075187
37.132377,50.880128,51.756986
37.152384,50.393948,48.687178
37.172391,49.891432,49.600084
37.192397,49.373121,49.539665
37.212404,48.839620,48.215738
37.232411,48.291597,48.318100
37.252417,47.729781,47.773087
37.272424,47.154956,45.660043
37.292431,46.567962,45.707205
37.312437,45.969690,47.015609
37.332444,45.361078,44.983279
37.352451,44.743110,45.712783
37.372457,44.116807,45.252292
37.392464,43.483226,45.138761
37.412471,42.843458,42.019198
37.432477,42.198617,42.462980
37.452484,41.549842,41.756162
37.472491,40.898286,39.802474
37.492497,40.245116,39.702890
37.512504,39.591505,39.530339
37.532511,38.938628,40.770667
37.552518,38.287658,35.091202
37.572524,37.639759,36.662467
37.592531,36.996080,37.213246
37.612538,36.357755,35.172309
37.632544,35.725893,36.642759
37.652551,35.101576,36.296179
37.672558,34.485853,36.247833
37.692564,33.879736,34.406821
37.712571,33.284197,30.399622
37.732578,32.700164,32.344196
37.752584,32.128514,32.200759
37.772591,31.570074,21.148464
37.792598,31.025616,30.941816
37.812604,30.495852,32.194347
37.832611,29.981435,29.090966
37.852618,29.482955,28.399292
37.872624,29.000937,30.774166
37.892631,28.535840,28.000568
37.912638,28.088055,28.390597
37.932644,27.657905,27.693946
37.952651,27.245646,25.274464
37.972658,26.851463,26.315552
37.992664,26.475474,28.743566
38.012671,26.117729,25.369354
38.032678,25.778211,26.123188
38.052684,25.456839,25.961583
38.072691,25.153466,21.522459
38.092698,24.867886,22.498829
38.112704,24.599833,24.933326
38.132711,24.348984,24.574284
38.152718,24.114964,22.532687
38.172724,23.897347,21.898764
38.192731,23.695661,28.582157
38.212738,23.509390,23.187781
38.232744,23.337980,24.760148
38.252751,23.180844,21.236952
38.272758,23.037361,21.079858
38.292764,22.906888,23.698097
38.312771,22.788758,23.436916
38.332778,22.682290,24.833877
38.352784,22.586788,21.175390
38.372791,22.501551,23.879853
38.392798,22.425876,21.316855
38.412804,22.359062,21.101576
38.432811,22.300414,23.655708
38.452818,22.249251,20.481523
38.472824,22.204906,22.403371
38.492831,22.166735,22.271379
38.512838,22.134117,21.358048
38.532844,22.106462,22.808403
38.552851,22.083210,24.510043
38.572858,22.063839,18.786475
38.592864,22.047869,22.914287
38.612871,22.034860,21.132341
38.632878,22.024418,19.893431
38.652884,22.016199,22.705180
38.672891,22.009909,21.247479
38.692898,22.005306,20.421143
38.712904,22.002201,21.418570
38.732911,22.000462,22.692976
38.752918,22.000013,24.200906
38.772924,22.000834,10.695653
38.792931,22.002961,20.134629
38.812938,22.006486,19.179625
38.832944,22.011560,21.414648
38.852951,22.018385,20.654648
38.872958,22.027220,22.805563
38.892964,22.038372,22.265033
38.912971,22.052203,21.420374
38.932978,22.069117,22.141809
38.952984,22.089568,19.270503
38.972991,22.114049,21.838796
38.992998,22.143093,19.713188
39.013004,22.177268,21.124436
39.033011,22.217174,19.530645
39.053018,22.263440,22.899470
39.073024,22.316717,21.193725
39.093031,22.377675,22.062918
39.113038,22.447002,24.286210
39.133044,22.525393,21.575175
39.153051,22.613551,26.835304
39.173058,22.712179,23.092078
39.193064,22.821978,22.958991
39.213071,22.943638,22.654792
39.233078,23.077837,31.511870
39.253084,23.225237,22.562370
39.273091,23.386474,21.703712
39.293098,23.562158,23.304423
39.313104,23.752870,22.863655
39.333111,23.959152,21.816426
39.353118,24.181506,24.422525
39.373124,24.420392,22.139453
39.393131,24.676223,21.927415
39.413138,24.949357,26.971679
39.433144,25.240101,23.478834
39.453151,25.548705,25.647160
39.473158,25.875358,23.866845
39.493164,26.220186,25.028485
39.513171,26.583254,26.606065
39.533178,26.964557,28.966310
39.553184,27.364028,27.061974
39.573191,27.781527,30.918980
39.593198,28.216850,28.643951
39.613204,28.669721,25.021110
39.633211,29.139797,31.860144
39.653218,29.626667,28.285070
39.673224,30.129852,31.594826
39.693231,30.648809,30.942007
39.713238,31.182929,31.969856
39.733244,31.731542,29.231814
39.753251,32.293916,32.640179
39.773258,32.869266,33.600838
39.793264,33.456748,32.655932
39.813271,34.055469,32.415948
39.833278,34.664491,33.840673
39.853284,35.282827,35.390108
39.873291,35.909455,34.925862
39.893298,36.543315,35.263643
39.913304,37.183317,36.875889
39.933311,37.828344,36.019509
39.953318,38.477259,37.909687
39.973324,39.128906,39.611876
39.993331,39.782118,41.135896
40.013338,40.435721,40.663491
40.033344,41.088542,42.128736
40.053351,41.739407,42.072737
40.073358,42.387153,41.021366
40.093364,43.030631,44.059811
40.113371,43.668709,42.955899
40.133378,44.300278,45.308139
40.153384,44.924258,45.432481
40.173391,45.539601,43.880239
40.193398,46.145296,46.470801
40.213404,46.740374,46.553435
40.233411,47.323908,46.854394
40.253418,47.895024,47.502279
40.273424,48.452896,48.088366
40.293431,48.996755,48.113114
40.313438,49.525892,50.118765
40.333444,50.039657,49.990144
40.353451,50.537461,52.372500
40.373458,51.018783,51.961288
40.393464,51.483166,55.088547
40.413471,51.930222,51.312147
40.433478,52.359631,52.799956
40.453484,52.771140,51.222763
40.473491,53.164567,53.555632
40.493498,53.539796,53.645792
40.513505,53.896781,54.595735
40.533511,54.235541,55.952443
40.553518,54.556160,55.053841
40.573525,54.858787,57.421549
40.593531,55.143631,56.360689
40.613538,55.410960,56.917981
40.633545,55.661100,55.515533
40.653551,55.894427,57.092571
40.673558,56.111371,53.946733
40.693565,56.312404,58.761668
40.713571,56.498045,54.484980
40.733578,56.668848,56.722830
40.753585,56.825403,57.386993
40.773591,56.968330,55.980850
40.793598,57.098276,57.530865
40.813605,57.215906,56.122280
40.833611,57.321904,59.980767
40.853618,57.416964,57.179331
40.873625,57.501788,60.164618
40.893631,57.577080,59.595899
40.913638,57.643540,55.406816
40.933645,57.701862,58.183060
40.953651,57.752728,58.875559
40.973658,57.796803,58.571374
40.993665,57.834730,59.544692
41.013671,57.867130,58.140249
41.033678,57.894591,58.193829
41.053685,57.917672,60.893550
41.073691,57.936891,57.859062
41.093698,57.952729,55.634902
41.113705,57.965624,55.868924
41.133711,57.975966,59.751659
41.153718,57.984099,57.664499
41.173725,57.990315,57.089026
41.193731,57.994853,56.927006
41.213738,57.997898,61.248458
41.233745,57.999582,58.533365
41.253751,57.999978,57.387612
41.273758,57.999104,65.751457
41.293765,57.996921,58.648374
41.313771,57.993335,60.093942
41.333778,57.988192,60.365478
41.353785,57.981289,54.872862
41.373791,57.972364,55.479062
41.393798,57.961108,61.492909
41.413805,57.947157,58.141476
41.433811,57.930105,59.554743
41.453818,57.909496,57.468442
41.473825,57.884836,56.855645
41.493831,57.855590,58.202782
41.513838,57.821188,57.832542
41.533845,57.781029,60.507272
41.553851,57.734485,58.687452
41.573858,57.680902,57.101819
41.593865,57.619608,57.388184
41.613871,57.549918,54.702981
41.633878,57.471134,59.237332
41.653885,57.382554,59.597332
41.673891,57.283474,57.989371
41.693898,57.173195,59.567230
41.713905,57.051026,56.624856
41.733911,56.916289,57.351517
41.753918,56.768326,58.443066
41.773925,56.606499,56.818373
41.793931,56.430199,57.785984
41.813938,56.238849,57.553264
41.833945,56.031908,57.652480
41.853951,55.808873,56.493790
41.873958,55.569289,56.019242
41.893965,55.312745,54.836182
41.913971,55.038882,55.138422
41.933978,54.747398,54.430420
41.953985,54.438046,55.147736
41.973991,54.110638,52.729556
41.993998,53.765050,53.718426
42.014005,53.401222,51.830463
42.034011,53.019160,55.738231
42.054018,52.618935,50.330098
42.074025,52.200688,53.361151
42.094031,51.764629,52.548994
42.114038,51.311033,49.698276
42.134045,50.840249,51.369914
42.154051,50.352689,49.479917
42.174058,49.848835,50.663302
42.194065,49.329234,49.619146
42.214071,48.794496,48.999376
42.234078,48.245296,47.025771
42.254085,47.682364,48.753290
42.274091,47.106492,47.314785
42.294098,46.518524,48.707286
42.314105,45.919354,46.495988
42.334111,45.309924,48.381307
42.354118,44.691222,41.332908
42.374125,44.064271,43.949401
42.394131,43.430133,43.899566
42.414138,42.789899,43.150688
42.434145,42.144687,40.144244
42.454151,41.495636,42.096303
42.474158,40.843900,39.722037
42.494165,40.190649,39.628611
42.514171,39.537054,39.389833
42.534178,38.884292,41.412861
42.554185,38.233533,37.668815
42.574191,37.585942,36.608472
42.594198,36.942667,38.838982
42.614205,36.304838,37.708692
42.634211,35.673564,34.414119
42.654218,35.049923,34.488020
42.674225,34.434962,36.251944
42.694231,33.829690,33.240379
42.714238,33.235076,31.919208
42.734245,32.652041,30.232450
42.754251,32.081462,29.607684
42.774258,31.524159,34.780239
42.794265,30.980899,41.771472
42.814271,30.452390,28.887373
42.834278,29.939279,28.572267
42.854285,29.442152,28.457340
42.874291,28.961527,28.451965
42.894298,28.497858,39.642531
42.914305,28.051531,31.573027
42.934311,27.622864,28.576610
42.954318,27.212105,26.557528
42.974325,26.819434,30.469584
42.994331,26.444965,27.876318
43.014338,26.088740,26.272322
43.034345,25.750739,26.814049
43.054351,25.430873,25.027604
43.074358,25.128991,22.501301
43.094365,24.844883,23.836133
43.114371,24.578277,24.272283
43.134378,24.328845,25.516380
43.154385,24.096209,24.282721
43.174391,23.879939,23.828097
43.194398,23.679557,21.500110
43.214405,23.494546,26.422586
43.234411,23.324349,22.018693
43.254418,23.168374,21.148446
43.274425,23.026001,20.126490
43.294431,22.896582,22.086614
43.314438,22.779450,22.118342
43.334445,22.673922,22.727348
43.354451,22.579302,24.550209
43.374458,22.494889,19.798579
43.394465,22.419980,23.096846
43.414471,22.353872,21.901459
43.434478,22.295874,32.171559
43.454485,22.245304,22.469783
43.474491,22.201498,21.004674
43.494498,22.163813,22.504390
43.514505,22.131631,22.158913
43.534512,22.104363,22.184489
43.554518,22.081454,21.038383
43.574525,22.062385,21.023005
43.594532,22.046678,22.045005
43.614538,22.033897,19.998162
43.634545,22.023653,23.684584
43.654552,22.015605,25.688556
43.674558,22.009464,21.016451
43.694565,22.004992,22.649037
43.714572,22.002005,22.645831
43.734578,22.000376,21.849401
43.754585,22.000033,11.133284
43.774592,22.000960,23.317362
43.794598,22.003199,22.838123
43.814605,22.006847,20.686592
43.834612,22.012059,19.388101
43.854618,22.019041,21.121549
43.874625,22.028056,22.907650
43.894632,22.039417,22.517940
43.914638,22.053488,32.127690
43.934645,22.070680,24.494349
43.954652,22.091447,22.225004
43.974658,22.116287,20.817914
43.994665,22.145737,23.986219
44.014672,22.180366,17.622267
44.034678,22.220778,22.708297
44.054685,22.267603,20.376481
44.074692,22.321494,24.336730
44.094698,22.383123,23.887675
44.114705,22.453178,24.498176
44.134712,22.532356,25.965964
44.154718,22.621360,24.295155
44.174725,22.720893,23.757348
44.194732,22.831653,22.505424
44.214738,22.954333,20.794247
44.234745,23.089607,26.783279
44.254752,23.238136,21.714201
44.274758,23.400554,23.508843
44.294765,23.577469,23.674990
44.314772,23.769458,22.952459
44.334778,23.977061,22.176295
44.354785,24.200776,20.269226
44.374792,24.441059,23.821106
44.394798,24.698318,24.097244
44.414805,24.972909,26.268531
44.434812,25.265133,25.698730
44.454818,25.575235,27.477684
44.474825,25.903398,25.872794
44.494832,26.249745,26.572248
44.514838,26.614333,26.093159
44.534845,26.997154,26.839115
44.554852,27.398133,30.250729
44.574858,27.817127,26.954558
44.594865,28.253923,27.953934
44.614872,28.708242,30.602234
44.634878,29.179734,28.282022
44.654885,29.667983,29.154074
44.674892,30.172504,32.103732
44.694898,30.692749,28.477435
44.714905,31.228103,32.095274
44.734912,31.777891,34.037879
44.754918,32.341378,35.026782
44.774925,32.917771,30.756327
44.794932,33.506224,33.036879
44.814938,34.105841,30.569031
44.834945,34.715677,33.241896
44.854952,35.334744,38.407730
44.874958,35.962015,36.790704
44.894965,36.596429,36.065442
44.914972,37.236893,37.623810
44.934978,37.882288,40.613890
44.954985,38.531474,38.028410
44.974992,39.183296,40.942146
44.994998,39.836586,38.314171
45.015005,40.490169,40.134501
45.035012,41.142871,42.895798
45.055018,41.793521,52.938102
45.075025,42.440955,42.680431
45.095032,43.084026,42.222715
45.115038,43.721603,46.009208
45.135045,44.352581,46.328443
45.155052,44.975880,45.510412
45.175058,45.590458,44.864102
45.195065,46.195305,46.186613
45.215072,46.789455,48.120627
45.235078,47.371987,47.502485
45.255085,47.942030,50.402290
45.275092,48.498763,48.473981
45.295098,49.041422,53.441880
45.315105,49.569302,50.250823
45.335112,50.081757,51.195176
45.355118,50.578207,51.432466
45.375125,51.058134,48.886200
45.395132,51.521087,48.214333
45.415138,51.966684,48.965599
45.435145,52.394610,53.200167
45.455152,52.804619,51.584711
45.475158,53.196532,53.584202
45.495165,53.570242,51.481207
45.515172,53.925707,55.381285
45.535178,54.262950,55.231820
45.555185,54.582064,51.764254
45.575192,54.883200,52.502078
45.595198,55.166573,53.406070
45.615205,55.432457,54.977747
45.635212,55.681180,55.597284
45.655218,55.913125,55.034770
45.675225,56.128724,56.334542
45.695232,56.328455,58.511979
45.715238,56.512837,57.006170
45.735245,56.682430,57.214003
45.755252,56.837825,57.289054
45.775258,56.979646,56.220619
45.795265,57.108539,59.028791
45.815272,57.225174,56.600340
45.835278,57.330234,58.764742
45.855285,57.424414,58.944179
45.875292,57.508417,55.977254
45.895298,57.582946,54.754341
45.915305,57.648702,59.411287
45.935312,57.706377,57.748334
45.955318,57.756652,58.205250
45.975325,57.800190,57.466341
45.995332,57.837633,57.433676
46.015338,57.869599,58.441846
46.035345,57.896675,57.979934
46.055352,57.919414,60.442504
46.075358,57.938333,59.783937
46.095365,57.953910,58.197174
46.115372,57.966578,58.131225
46.135378,57.976724,56.136213
46.155385,57.984687,58.814198
46.175392,57.990754,58.743290
46.195398,57.995161,59.325765
46.215405,57.998089,60.419780
46.235412,57.999663,61.643696
46.255418,57.999954,57.123682
46.275425,57.998973,58.744594
46.295432,57.996678,58.866602
46.315438,57.992968,59.424967
46.335445,57.987688,55.028113
46.355452,57.980626,58.260277
46.375458,57.971520,58.769132
46.395465,57.960053,59.146829
46.415472,57.945861,60.557478
46.435478,57.928530,56.635364
46.455485,57.907603,56.562961
46.475492,57.882582,58.510260
46.495498,57.852928,58.891026
46.515505,57.818070,58.378898
46.535512,57.777403,58.633685
46.555519,57.730297,56.518396
46.575525,57.676098,56.789536
46.595532,57.614131,56.655801
46.615539,57.543710,57.003798
46.635545,57.464136,58.978866
46.655552,57.374708,53.688367
46.675559,57.274721,54.085972
46.695565,57.163478,57.366513
46.715572,57.040287,54.842925
46.735579,56.904473,58.241394
46.755585,56.755378,53.270530
46.775592,56.592368,54.988785
46.795599,56.414836,58.326387
46.815605,56.222207,53.816048
46.835612,56.013943,54.289014
46.855619,55.789546,54.617956
46.875625,55.548563,54.190238
46.895632,55.290589,55.767468
46.915639,55.015269,53.501479
46.935645,54.722304,55.508119
46.955652,54.411453,54.020243
46.975659,54.082534,53.337562
46.995665,53.735428,51.939649
47.015672,53.370080,52.795894
47.035679,52.986500,52.950189
47.055685,52.584767,51.954311
47.075692,52.165027,50.423099
47.095699,51.727494,58.265550
47.115705,51.272453,49.269548
47.135712,50.800253,49.253852
47.155719,50.311316,48.434280
47.175725,49.806129,49.884798
47.195732,49.285242,48.714807
47.215739,48.749272,48.266303
47.235745,48.198899,46.566855
47.255752,47.634858,48.183838
47.275759,47.057945,48.087758
47.295765,46.469008,46.275147
47.315772,45.868946,45.502138
47.335779,45.258706,44.500550
47.355785,44.639277,46.164871
47.375792,44.011686,43.706500
47.395799,43.376998,42.992829
47.415805,42.736306,41.168513
47.435812,42.090730,41.818494
47.455819,41.441411,41.428970
47.475825,40.789505,39.987126
47.495832,40.136179,37.988540
47.515839,39.482609,39.141522
47.535845,38.829969,41.064227
47.555852,38.179430,39.229540
47.575859,37.532155,37.858667
47.595865,36.889291,39.299167
47.615872,36.251967,37.499220
47.635879,35.621288,34.491170
47.655885,34.998331,34.567022
47.675892,34.384139,35.359732
47.695899,33.779719,34.551593
47.715905,33.186035,30.661699
47.735912,32.604006,32.056770
47.755919,32.034502,30.951692
47.775925,31.478341,27.089069
47.795932,30.936283,30.356584
47.815939,30.409034,29.074374
47.835945,29.897234,28.814766
47.855952,29.401463,25.938724
47.875959,28.922235,31.267970
47.895965,28.459997,32.181389
47.915972,28.015131,28.183796
47.935979,27.587947,27.590882
47.955985,27.178689,27.582018
47.975992,26.787532,26.032665
47.995999,26.414582,26.869424
48.016005,26.059878,24.454375
48.036012,25.723392,24.124783
48.056019,25.405031,25.004565
48.076025,25.104640,23.894311
48.096032,24.822001,27.532124
48.116039,24.556840,24.082918
48.136045,24.308823,24.617998
48.156052,24.077568,22.344794
48.176059,23.862640,27.218740
48.196065,23.663560,23.410853
48.216072,23.479805,24.507831
48.236079,23.310816,23.080233
48.256085,23.155999,23.395389
48.276092,23.014730,21.359348
48.296099,22.886361,22.951925
48.316105,22.770222,22.020797
48.336112,22.665630,23.233170
48.356119,22.571888,25.238631
48.376125,22.488294,21.122617
48.396132,22.414144,23.485469
48.416139,22.348739,21.194882
48.436145,22.291385,21.600731
48.456152,22.241404,21.310992
48.476159,22.198133,21.866991
48.496165,22.160930,21.435693
48.516172,22.129179,19.588989
48.536179,22.102295,24.572222
48.556185,22.079725,22.088318
48.576192,22.060954,22.983533
48.596199,22.045506,22.045395
48.616205,22.032951,21.766002
48.636212,22.022903,22.716823
48.656219,22.015024,23.914238
48.676225,22.009031,24.795270
48.696232,22.004688,20.619012
48.716239,22.001819,20.493948
48.736245,22.000299,20.166048
48.756252,22.000062,19.962146
48.776259,22.001096,23.478940
48.796265,22.003448,23.589643
48.816272,22.007219,21.444397
48.836279,22.012569,23.581452
48.856285,22.019710,20.827719
48.876292,22.028908,23.473058
48.896299,22.040481,20.247113
48.916305,22.054796,23.815665
48.936312,22.072267,20.770203
48.956319,22.093354,24.820822
48.976325,22.118558,22.997762
48.996332,22.148416,22.876608
49.016339,22.183504,21.430082
49.036345,22.224426,21.267063
49.056352,22.271815,22.902939
49.076359,22.326325,21.205005
49.096365,22.388630,21.486840
49.116372,22.459418,22.465814
49.136379,22.539388,23.615741
49.156385,22.629243,24.226611
49.176392,22.729684,23.858800
49.196399,22.841412,20.754715
49.216405,22.965115,23.137516
49.236412,23.101470,25.158532
49.256419,23.251132,22.335591
49.276425,23.414735,23.173074
49.296432,23.592885,25.187228
49.316439,23.786155,23.269286
49.336445,23.995082,24.098620
49.356452,24.220161,19.323442
49.376459,24.461844,24.236381
49.396465,24.720534,23.332112
49.416472,24.996584,26.073053
49.436479,25.290289,23.539114
49.456485,25.601890,29.012889
49.476492,25.931565,29.973756
49.496499,26.279430,27.901865
49.516506,26.645539,26.136238
49.536512,27.029877,26.796317
49.556519,27.432364,27.155307
49.576526,27.852850,26.604735
49.596532,28.291118,27.744883
49.616539,28.746883,32.132837
49.636546,29.219788,29.793552
49.656552,29.709412,31.571286
49.676559,30.215266,26.896148
49.696566,30.736794,29.110291
49.716572,31.273377,31.214649
49.736579,31.824336,30.075829
49.756586,32.388929,31.401222
49.776592,32.966360,34.661971
49.796599,33.555779,34.863963
49.816606,34.156284,32.294993
49.836612,34.766927,35.381807
49.856619,35.386717,36.463523
49.876626,36.014625,37.453869
49.896632,36.649585,36.874725
49.916639,37.290503,37.319825
49.936646,37.936258,42.049946
49.956652,38.585708,37.697002
49.976659,39.237697,41.182672
49.996666,39.891056,36.451396
50.016672,40.544611,42.837054
50.036679,41.197187,41.205267
50.056686,41.847612,40.890244
50.076692,42.494727,44.039175
50.096699,43.137383,40.224420
50.116706,43.774452,41.431231
50.136712,44.404830,43.817125
50.156719,45.027443,45.265895
50.176726,45.641247,45.669026
50.196732,46.245239,46.588887
50.216739,46.838455,47.803830
50.236746,47.419979,46.997474
50.256752,47.988943,51.746855
50.276759,48.544532,49.047078
50.296766,49.085986,49.212600
50.316772,49.612604,50.159977
50.336779,50.123747,51.345671
50.356786,50.618839,49.053915
50.376792,51.097367,51.380858
50.396799,51.558888,50.360381
50.416806,52.003024,52.465072
50.436812,52.429465,51.469933
50.456819,52.837971,53.033609
50.476826,53.228371,50.897429
50.496832,53.600561,53.319058
50.516839,53.954505,51.593370
50.536846,54.290234,53.023318
50.556852,54.607842,53.797119
50.576859,54.907489,53.778038
50.596866,55.189394,56.478531
50.616872,55.453834,57.303300
50.636879,55.701144,56.803960
50.656886,55.931710,57.383927
50.676892,56.145968,53.505581
50.696899,56.344399,55.808078
50.716906,56.527527,55.231286
50.736912,56.695913,55.487565
50.756919,56.850153,57.470719
50.776926,56.990872,59.591315
50.796932,57.118718,56.955187
50.816939,57.234361,56.464076
50.836946,57.338488,57.742106
50.856952,57.431793,59.814174
50.876959,57.514980,56.438414
50.896966,57.588751,59.282888
50.916972,57.653807,57.464653
50.936979,57.710840,57.843804
50.956986,57.760528,60.365054
50.976992,57.803534,54.736674
50.996999,57.840498,58.719881
51.017006,57.872034,58.803989
51.037012,57.898728,57.442834
51.057019,57.921129,62.026931
51.077026,57.939753,58.218211
51.097032,57.955072,57.834618
51.117039,57.967515,55.211278
51.137046,57.977467,59.017712
51.157052,57.985261,55.810667
51.177059,57.991182,57.210444
51.197066,57.995460,59.870745
51.217072,57.998271,55.397841
51.237079,57.999736,58.468507
51.257086,57.999921,58.159529
51.277092,57.998833,58.969373
51.297099,57.996424,53.769230
51.317106,57.992590,56.575694
51.337112,57.987170,58.656436
51.357119,57.979949,54.702209
51.377126,57.970659,60.294029
51.397132,57.958980,57.969308
51.417139,57.944542,57.022157
51.437146,57.926930,57.270520
51.457152,57.905681,59.314174
51.477159,57.880295,59.570554
51.497166,57.850230,57.938364
51.517172,57.814911,60.499364
51.537179,57.773733,58.421405
51.557186,57.726061,56.103374
51.577192,57.671240,56.444325
51.597199,57.608595,56.776539
51.617206,57.537438,53.675120
51.637212,57.457070,57.526813
51.657219,57.366788,56.624257
51.677226,57.265891,46.744315
51.697232,57.153677,56.372915
51.717239,57.029460,58.287095
51.737246,56.892565,55.338317
51.757252,56.742334,56.858088
51.777259,56.578137,58.812734
51.797266,56.399368,54.640543
51.817272,56.205456,56.007543
51.837279,55.995866,57.822718
51.857286,55.770104,56.934981
51.877292,55.527720,55.849793
51.897299,55.268312,57.171407
51.917306,54.991533,54.786021
51.937312,54.697086,52.388671
51.957319,54.384736,53.836822
51.977326,54.054305,54.959992
51.997332,53.705680,54.686899
52.017339,53.338810,52.763630
52.037346,52.953714,52.930141
52.057352,52.550474,52.508445
52.077359,52.129242,51.683776
52.097366,51.690239,51.084914
52.117372,51.233753,50.914866
52.137379,50.760142,48.402967
52.157386,50.269831,51.142866
52.177392,49.763313,48.813551
52.197399,49.241145,49.116587
52.217406,48.703948,50.638207
52.237412,48.152407,44.041160
52.257419,47.587262,47.833609
52.277426,47.009314,46.016737
52.297432,46.419415,47.801292
52.317439,45.818469,43.772084
52.337446,45.207424,45.597089
52.357452,44.587275,42.706618
52.377459,43.959052,44.726604
52.397466,43.323821,43.651199
52.417472,42.682679,41.244870
52.437479,42.036748,40.925551
52.457486,41.387168,40.897664
52.477492,40.735099,40.764704
52.497499,40.081708,41.839360
52.517506,39.428171,41.528295
52.537513,38.775661,39.081852
52.557519,38.125350,38.997202
52.577526,37.478399,39.549671
52.597533,36.835954,35.522644
52.617539,36.199141,36.454068
52.637546,35.569065,35.647105
52.657553,34.946799,38.163756
52.677559,34.333384,34.319739
52.697566,33.729822,33.494389
52.717573,33.137075,33.625062
52.737579,32.556057,30.975940
52.757586,31.987635,33.865276
52.777593,31.432620,31.313902
52.797599,30.891771,32.566112
52.817606,30.365785,29.809837
52.837613,29.855300,27.884861
52.857619,29.360889,28.401904
52.877626,28.883060,29.394585
52.897633,28.422257,28.754328
52.917639,27.978853,26.244172
52.937646,27.553155,26.632272
52.957653,27.145400,29.945493
52.977659,26.755757,25.589191
52.997666,26.384327,24.268095
53.017673,26.031143,28.105811
53.037679,25.696172,25.846221
53.057686,25.379315,27.747137
53.077693,25.080412,25.252782
53.097699,24.799241,26.492780
53.117706,24.535522,24.956154
53.137713,24.288917,25.334482
53.157719,24.059040,23.967949
53.177726,23.845452,22.116340
53.197733,23.647669,20.403264
53.217739,23.465167,24.233397
53.237746,23.297382,24.416717
53.257753,23.143718,22.798404
53.277759,23.003549,23.189987
53.297766,22.876225,22.740796
53.317773,22.761075,22.160389
53.337779,22.657413,23.702645
53.357786,22.564544,22.128306
53.377793,22.481763,22.294184
53.397799,22.408369,23.216441
53.417806,22.343661,22.311434
53.437813,22.286948,21.367610
53.457819,22.237551,21.197765
53.477826,22.194810,21.984862
53.497833,22.158084,22.814080
53.517839,22.126761,18.900901
53.537846,22.100257,20.739907
53.557853,22.078023,19.887333
53.577859,22.059546,22.580300
53.597866,22.044355,20.994244
53.617873,22.032023,20.119226
53.637879,22.022167,21.962417
53.657886,22.014456,20.656162
53.677893,22.008608,22.272193
53.697899,22.004395,23.140596
53.717906,22.001642,24.080244
53.737913,22.000231,22.522715
53.757919,22.000099,21.679081
53.777926,22.001240,23.342141
53.797933,22.003706,20.690247
53.817939,22.007602,21.806706
53.837946,22.013093,22.708274
53.857953,22.020394,22.173987
53.877959,22.029777,21.680902
53.897966,22.041564,21.642620
53.917973,22.056125,24.061417
53.937979,22.073880,23.170059
53.957986,22.095290,22.545927
53.977993,22.120860,21.592835
53.997999,22.151132,21.946125
54.018006,22.186683,24.412399
54.038013,22.228119,21.074286
54.058019,22.276076,21.621060
54.078026,22.331209,21.803802
54.098033,22.394195,20.700973
54.118039,22.465722,21.422547
54.138046,22.546489,22.851483
54.158053,22.637199,21.508734
54.178059,22.738554,20.745878
54.198066,22.851254,21.969131
54.218073,22.975986,22.760168
54.238079,23.113424,21.384236
54.258086,23.264224,22.376250
54.278093,23.429017,25.090917
54.298099,23.608406,25.313656
54.318106,23.802960,23.308311
54.338113,24.013215,25.127235
54.358119,24.239661,25.434959
54.378126,24.482747,24.703701
54.398133,24.742871,25.656396
54.418139,25.020381,25.166352
54.438146,25.315570,21.310135
54.458153,25.628670,23.635513
54.478159,25.959857,26.124206
54.498166,26.309242,24.496701
54.518173,26.676872,24.862341
54.538179,27.062726,27.161296
54.558186,27.466719,29.576530
54.578193,27.888697,28.588861
54.598199,28.328435,28.509467
54.618206,28.785642,29.274794
54.638213,29.259958,27.896075
54.658219,29.750954,30.757520
54.678226,30.258136,30.811402
54.698233,30.780943,32.723074
54.718239,31.318751,31.320122
54.738246,31.870875,33.354888
54.758253,32.436569,32.876735
54.778259,33.015033,30.009133
54.798266,33.605410,32.223862
54.818273,34.206797,32.667782
54.838279,34.818241,33.228595
54.858286,35.438747,36.584108
54.878293,36.067284,35.273489
54.898299,36.702783,35.464952
54.918306,37.344147,37.352816
54.938313,37.990253,37.341960
54.958319,38.639960,38.549979
54.978326,39.292108,40.158229
54.998333,39.945528,40.567119
55.018339,40.599046,38.046483
55.038346,41.251487,41.207014
55.058353,41.901681,42.086303
55.078359,42.548468,41.194734
55.098366,43.190701,42.358268
55.118373,43.827254,45.777913
55.138379,44.457026,46.597627
55.158386,45.078943,45.202653
55.178393,45.691968,45.219240
55.198399,46.295098,44.819751
55.218406,46.887375,45.079051
55.238413,47.467884,46.723647
55.258419,48.035764,47.240504
55.278426,48.590203,49.160782
55.298433,49.130446,49.262138
55.318439,49.655799,50.070026
55.338446,50.165625,47.438135
55.358453,50.659355,50.480904
55.378459,51.136483,50.393271
55.398466,51.596568,51.016029
55.418473,52.039240,52.585548
55.438479,52.464195,50.685747
55.458486,52.871198,53.017135
55.478493,53.260083,52.612628
55.498499,53.630753,52.404329
55.518506,53.983178,52.759373
55.538513,54.317392,56.177678
55.558520,54.633496,54.369593
55.578526,54.931655,54.629028
55.598533,55.212093,56.756951
55.618540,55.475093,53.991602
55.638546,55.720992,56.804834
55.658553,55.950181,55.147047
55.678560,56.163101,57.916738
55.698566,56.360237,57.247122
55.718573,56.542114,56.687102
55.738580,56.709299,55.334097
55.758586,56.862388,56.653757
55.778593,57.002008,58.377044
55.798600,57.128812,56.128760
55.818606,57.243469,57.044333
55.838613,57.346667,56.029109
55.858620,57.439102,57.947276
55.878626,57.521477,55.265992
55.898633,57.594496,56.531447
55.918640,57.658857,56.300162
55.938646,57.715252,56.153372
55.958653,57.764358,59.094812
55.978660,57.806836,57.472778
55.998666,57.843325,56.849803
56.018673,57.874436,59.583214
56.038680,57.900751,58.856903
56.058686,57.922819,56.950224
56.078693,57.941149,60.545169
56.098700,57.956213,58.672937
56.118706,57.968435,54.506578
56.138713,57.978195,56.159230
56.158720,57.985823,57.446251
56.178726,57.991598,56.794702
56.198733,57.995748,55.991632
56.218740,57.998443,58.062321
56.238746,57.999800,57.807899
56.258753,57.999879,57.945256
56.278760,57.998684,59.543078
56.298766,57.996161,59.290791
56.318773,57.992202,57.329610
56.338780,57.986641,57.697031
56.358786,57.979258,57.760224
56.378793,57.969782,57.442569
56.398800,57.957888,59.101652
56.418806,57.943202,58.208841
56.438813,57.925305,57.705272
56.458820,57.903731,58.404146
56.478826,57.877976,56.929940
56.498833,57.847496,57.977817
56.518840,57.811712,59.113599
56.538846,57.770017,58.477718
56.558853,57.721775,59.932565
56.578860,57.666328,57.714821
56.598866,57.603000,58.128734
56.618873,57.531102,58.597395
56.638880,57.449935,55.476123
56.658886,57.358795,56.571874
56.678893,57.256981,56.751642
56.698900,57.143794,56.677079
56.718906,57.018546,57.853909
56.738913,56.880564,59.338013
56.758920,56.729193,56.821544
56.778926,56.563804,58.615503
56.798933,56.383794,53.024541
56.818940,56.188596,55.532998
56.838946,55.977677,54.465616
56.858953,55.750546,54.510898
56.878960,55.506758,56.948913
56.898966,55.245915,56.935322
56.918973,54.967674,52.981616
56.938980,54.671744,55.139750
56.958986,54.357892,56.011372
56.978993,54.025949,53.894772
56.999000,53.675804,54.775551
57.019006,53.307415,54.641762
57.039013,52.920802,55.063826
57.059020,52.516056,53.423010
57.079026,52.093334,52.000308
57.099033,51.652861,51.807910
57.119040,51.194934,50.061526
57.139046,50.719914,48.518251
57.159053,50.228233,48.333950
57.179060,49.720388,48.629204
57.199066,49.196943,49.433773
57.219073,48.658525,49.590158
57.239080,48.105820,47.559613
57.259086,47.539577,44.385385
57.279093,46.960600,46.887194
57.299100,46.369745,48.038279
57.319106,45.767920,46.058337
57.339113,45.156079,47.391037
57.359120,44.535217,44.620267
57.379126,43.906369,42.584548
57.399133,43.270603,43.488228
57.419140,42.629019,41.718230
57.439146,41.982739,39.746029
57.459153,41.332908,41.311433
57.479160,40.680684,39.135105
57.499166,40.027236,41.379560
57.519173,39.373740,39.226096
57.539180,38.721369,38.961868
57.559186,38.071293,39.545890
57.579193,37.424674,39.225771
57.599200,36.782655,38.380081
57.619206,36.146363,34.441296
57.639213,35.516897,34.248696
57.659220,34.895329,33.195305
57.679226,34.282697,33.039215
57.699233,33.680001,35.910055
57.719240,33.088196,32.569408
57.739246,32.508196,31.800742
57.759253,31.940860,31.616506
57.779260,31.386998,31.041011
57.799266,30.847362,31.565900
57.819273,30.322644,31.200652
57.839280,29.813477,26.413410
57.859286,29.320430,28.826154
57.879293,28.844004,30.448530
57.899300,28.384637,26.046726
57.919306,27.942698,29.565467
57.939313,27.518487,26.597466
57.959320,27.112236,28.927987
57.979326,26.724108,29.037441
57.999333,26.354198,24.922695
58.019340,26.002534,26.567387
58.039346,25.669077,25.381583
58.059353,25.353723,23.854849
58.079360,25.056308,22.973322
58.099366,24.776602,25.406263
58.119373,24.514323,22.188702
58.139380,24.269128,24.566691
58.159386,24.040625,23.191753
58.179393,23.828373,25.163564
58.199400,23.631884,24.679801
58.219406,23.450630,21.571953
58.239413,23.284046,22.359460
58.259420,23.131530,24.666279
58.279426,22.992457,22.137114
58.299433,22.866173,21.993493
58.319440,22.752007,21.664773
58.339446,22.649272,22.542952
58.359453,22.557270,23.492656
58.379460,22.475298,25.959002
58.399466,22.402655,26.301444
58.419473,22.338639,22.264897
58.439480,22.282561,24.141977
58.459486,22.233744,21.744108
58.479493,22.191528,21.051247
58.499500,22.155275,22.636545
58.519507,22.124376,21.267702
58.539513,22.098248,23.190573
58.559520,22.076346,20.986942
58.579527,22.058161,22.150842
58.599533,22.043224,19.875312
58.619540,22.031112,22.544159
58.639547,22.021447,22.285607
58.659553,22.013901,24.795921
58.679560,22.008198,23.844085
58.699567,22.004112,22.110241
58.719573,22.001475,21.467013
58.739580,22.000172,23.372758
58.759587,22.000145,22.345437
58.779593,22.001394,22.906088
58.799600,22.003974,20.519912
58.819607,22.007996,25.494458
58.839613,22.013629,23.018887
58.859620,22.021093,20.442228
58.879627,22.030663,19.401720
58.899633,22.042666,20.364671
58.919640,22.057477,23.941371
58.939647,22.075518,21.926173
58.959653,22.097255,22.347736
58.979660,22.123196,23.921050
58.999667,22.153885,22.264957
59.019673,22.189903,22.251124
59.039680,22.231858,23.215238
59.059687,22.280387,23.870119
59.079693,22.336149,23.118135
59.099700,22.399820,25.174636
59.119707,22.472090,23.245220
59.139713,22.553659,21.954559
59.159720,22.645229,20.372425
59.179727,22.747503,22.723599
59.199733,22.861179,25.427220
59.219740,22.986945,19.669256
59.239747,23.125472,25.567537
59.259753,23.277414,24.085754
59.279760,23.443401,24.927517
59.299767,23.624032,21.839893
59.319773,23.819875,25.171879
59.339780,24.031460,26.292022
59.359787,24.259277,27.421910
59.379793,24.503768,26.039498
59.399800,24.765328,24.558476
59.419807,25.044301,25.905041
59.439813,25.340974,24.825531
59.459820,25.655577,24.849182
59.479827,25.988277,24.688903
59.499833,26.339181,25.847911
59.519840,26.708331,30.035169
59.539847,27.095701,27.734742
59.559853,27.501200,28.101878
59.579860,27.924667,31.507731
59.599867,28.365873,29.578896
59.619873,28.824520,28.806910
59.639880,29.300243,29.542983
59.659887,29.792608,29.098231
59.679893,30.301114,32.536335
59.699900,30.825196,32.202153
59.719907,31.364225,31.316837
59.739913,31.917508,29.446007
59.759920,32.484298,33.312557
59.779927,33.063788,32.986458
59.799933,33.655118,32.654752
59.819940,34.257380,32.894680
59.839947,34.869617,34.209662
59.859953,35.490833,36.969443
59.879960,36.119991,38.893033
59.899967,36.756021,37.252220
59.919973,37.397823,37.712163
59.939980,38.044274,38.085827
59.959987,38.694228,36.960810
59.979993,39.346527,38.544211
60.000000,40.000000,40.164965
