时间戳,压力传感器1,压力传感器2
0.0,44.94570562555459,41.0376436163631
0.02002002002002002,43.38769708536561,44.38876948001556
0.04004004004004004,48.47618198813261,48.79918022926696
0.06006006006006006,48.54777608972086,48.93962999056199
0.08008008008008008,53.61130025692617,54.75460621053434
0.10010010010010009,54.390817854755866,55.13669790201747
0.12012012012012012,57.34392329039011,55.276127358695504
0.14014014014014015,60.488625077926336,57.72752742523975
0.16016016016016016,62.77319454149016,60.44251498391574
0.18018018018018017,64.9696853027076,62.608457482058945
0.20020020020020018,64.57448778900282,66.26255001088232
0.22022022022022023,66.2266282094215,65.14493255741391
0.24024024024024024,70.65966474945452,69.03424970213662
0.2602602602602603,70.22575218318845,70.41273408127117
0.2802802802802803,73.04132086765718,73.34250436610579
0.3003003003003003,73.69372038022551,74.64409591747061
0.3203203203203203,74.24334393304953,75.16039187709453
0.34034034034034033,75.87134177989142,73.55850929007593
0.36036036036036034,77.51980146243842,77.38717966251745
0.38038038038038036,80.6967587223227,74.896093925641
0.40040040040040037,78.27053946319866,78.3426370591289
0.42042042042042044,78.45254471290244,78.34499861615987
0.44044044044044045,82.17600802799183,75.45144692177612
0.46046046046046046,80.68427029468701,77.24262212910122
0.4804804804804805,82.29197574938036,78.05884372237692
0.5005005005005005,81.42385140002489,78.19359884255763
0.5205205205205206,86.04445815369567,77.60099650642226
0.5405405405405406,82.11796582999797,79.8281511725087
0.5605605605605606,81.95788388429824,75.4216279701278
0.5805805805805806,81.4235341463632,75.6716323394509
0.6006006006006006,78.66170225252412,74.84632949519548
0.6206206206206206,79.25763291610964,74.50747559715428
0.6406406406406406,80.46135638829419,70.18548036271378
0.6606606606606606,78.08248339470846,70.90850689051558
0.6806806806806807,75.04304616855624,69.00919366347767
0.7007007007007007,74.72164155397549,68.04108684075416
0.7207207207207207,72.06736864705617,66.83048474127399
0.7407407407407407,71.27319602209842,60.78170557617525
0.7607607607607607,74.27615909029836,61.27114481238596
0.7807807807807807,64.95228464278115,59.571530703918796
0.8008008008008007,65.34161973567143,56.23496547282885
0.8208208208208209,65.56223850385632,55.531994175215445
0.8408408408408409,63.41490573423008,53.229159479225444
0.8608608608608609,58.71380992815419,51.233331596554684
0.8808808808808809,54.44070558585737,50.73043404003208
0.9009009009009009,56.64410388812226,46.540351384896425
0.9209209209209209,51.563614376775796,44.11929675743635
0.9409409409409409,49.551262851550845,41.928266924008796
0.960960960960961,44.148233795570896,38.47690683394666
0.980980980980981,44.91633274127116,38.0820072107559
1.001001001001001,41.21016567125321,34.31111984930843
1.021021021021021,39.70865667817233,30.43654205240299
1.0410410410410411,39.81402647381705,27.759797999014634
1.0610610610610611,36.657895951720974,23.748837258661304
1.0810810810810811,34.24594759603546,22.681364355661
1.1011011011011012,31.010391086010806,22.32994665651144
1.1211211211211212,28.388736943041863,21.694367747355145
1.1411411411411412,26.97165227513854,16.623356399428737
1.1611611611611612,27.123925414245935,16.26651993981756
1.1811811811811812,24.17521468518427,13.992494736452706
1.2012012012012012,19.976959658006454,14.322863992307692
1.2212212212212212,18.71739439297352,8.695434693970114
1.2412412412412412,19.204768364088558,9.881635692330343
1.2612612612612613,15.018629712060484,8.972697126764114
1.2812812812812813,11.283603175789994,7.084641572543052
1.3013013013013013,14.090586250023303,6.331568300669911
1.3213213213213213,10.099481493755437,4.389261106864749
1.3413413413413413,8.649150176304895,2.287306783584971
1.3613613613613613,8.3869546570351,0.9800798668805619
1.3813813813813813,8.441703826542025,-0.03662699515435475
1.4014014014014013,5.746134207343208,0.4156712793481643
1.4214214214214214,6.692996831712632,0.5323568255861022
1.4414414414414414,5.611434862914994,-2.740557393052456
1.4614614614614614,3.3698881507626894,-1.689660875467811
1.4814814814814814,3.236289958444722,-0.8403772359871129
1.5015015015015014,2.203789777524362,0.6615962920890575
1.5215215215215214,4.124870284185073,1.1419372115293958
1.5415415415415414,5.225240094798966,-0.5784693591605445
1.5615615615615615,3.7973752629625,1.7904807252950177
1.5815815815815815,5.669661837406486,3.1559440251827016
1.6016016016016015,6.977111838305307,3.1799349130746655
1.6216216216216217,8.385497580159685,3.113214764201147
1.6416416416416417,6.599530210793851,1.5864465996228017
1.6616616616616617,7.929316773225056,10.13576356972287
1.6816816816816818,11.515835331698197,7.6784903840389305
1.7017017017017018,8.84467455791201,11.365880639158052
1.7217217217217218,11.928792515068622,11.164503144846952
1.7417417417417418,14.712734305771619,13.919988645201077
1.7617617617617618,15.849927514759324,15.888308158909656
1.7817817817817818,20.864296815235733,18.776454793607066
1.8018018018018018,19.061703158011035,19.364724326016848
1.8218218218218218,22.771165049365123,21.61423343384807
1.8418418418418419,23.8652383916023,22.13585023494577
1.8618618618618619,25.89574901133459,27.236814837136166
1.8818818818818819,30.413979515142774,28.33623556104375
1.901901901901902,29.757603450425062,31.756729024544736
1.921921921921922,36.78026744273545,32.18493281178934
1.941941941941942,35.70735753631762,35.680845666025014
1.961961961961962,39.725004418849004,41.1110766128884
1.981981981981982,41.959726793171235,41.520108703318925
2.002002002002002,42.37918763642309,43.61891740273903
2.022022022022022,45.00663428881844,45.820051928234605
2.042042042042042,46.10965911186943,48.9426772008117
2.062062062062062,50.32709596783678,52.627866375451795
2.0820820820820822,51.21012445827635,52.07117669163781
2.1021021021021022,56.57890111386356,56.650081163234326
2.1221221221221223,58.630446503090376,56.417318475918336
2.1421421421421423,60.73985582260716,59.04867220602033
2.1621621621621623,61.18675407692058,61.07191410632568
2.1821821821821823,64.49720968783565,62.46357951526684
2.2022022022022023,66.46888300352053,63.83197498969514
2.2222222222222223,65.64583544967995,69.40965038767743
2.2422422422422423,68.35921405807514,67.19794605123504
2.2622622622622623,70.57891815080932,68.88943958134185
2.2822822822822824,75.54060958134298,72.42461298079584
2.3023023023023024,72.90160778620256,74.73729207502593
2.3223223223223224,76.78230003708873,72.41699293745455
2.3423423423423424,77.67742137063786,74.74016296565168
2.3623623623623624,78.55280289006681,76.57009969963042
2.3823823823823824,79.63092490719642,75.54455620730567
2.4024024024024024,79.6471350165827,80.33318556991061
2.4224224224224224,82.97557551098606,76.9443691316305
2.4424424424424425,83.96492678109627,76.95476968530201
2.4624624624624625,81.31824177720635,78.24643452233383
2.4824824824824825,81.36314415859964,77.48902293615917
2.5025025025025025,81.11760007361826,78.44139283090199
2.5225225225225225,80.46274291960498,77.6988444879263
2.5425425425425425,81.47525795740505,77.28269086568811
2.5625625625625625,81.26889060337247,75.67219815079486
2.5825825825825826,82.13935506880667,77.0995026921343
2.6026026026026026,82.0733672919954,74.03544109347075
2.6226226226226226,78.26225469135107,76.08707699708715
2.6426426426426426,80.36326172990607,70.80014000783667
2.6626626626626626,78.5697591901841,70.50663025830528
2.6826826826826826,75.15637435338115,70.88140444027336
2.7027027027027026,74.46834357862788,67.53948484665419
2.7227227227227226,72.57755676739362,64.55636262116846
2.7427427427427427,69.78154114204061,64.63327037820581
2.7627627627627627,68.4162756096887,61.08641719598533
2.7827827827827827,67.1978557322643,59.58500834771151
2.8028028028028027,65.69570292490474,58.3025385277119
2.8228228228228227,63.12553303039407,57.24897139050346
2.8428428428428427,64.30185719131916,54.53350511619847
2.8628628628628627,59.56757020053543,51.99495931454484
2.8828828828828827,60.01648886989135,50.817237440945874
2.9029029029029028,55.89197536876707,44.403417774583076
2.9229229229229228,50.987742739914424,45.29295767869549
2.942942942942943,48.6366032547956,41.34768332200298
2.962962962962963,46.25719917733404,42.12703943320579
2.982982982982983,44.81398742971382,39.299445799922594
3.003003003003003,42.911240668708736,35.830548485515806
3.023023023023023,38.95584913603454,30.35259098653017
3.043043043043043,36.18264650164354,30.571213141617232
3.063063063063063,31.75327063494357,27.195274209930712
3.083083083083083,31.13593449993382,26.07883875796702
3.103103103103103,28.04501269453381,22.16310944661122
3.123123123123123,28.045398421305954,19.213751532463245
3.143143143143143,26.56410461976003,17.65004087474006
3.163163163163163,23.336419690927777,17.122632219202053
3.183183183183183,20.741754012588643,14.984434552170022
3.203203203203203,19.364082164796482,11.37647746710833
3.2232232232232234,19.71781657518256,10.443968608969442
3.2432432432432434,15.072834530088452,8.410153302694408
3.2632632632632634,14.612095285271586,6.510152495586205
3.2832832832832834,12.26604975397399,8.040324273718877
3.3033033033033035,10.998261813317644,3.6054606318803675
3.3233233233233235,10.976991883794886,5.04759184893184
3.3433433433433435,7.721960763559625,2.5857211111245326
3.3633633633633635,8.617076211613835,3.370897775228146
3.3833833833833835,5.80068952596789,1.1056685001936244
3.4034034034034035,6.50160481155775,1.59439127047824
3.4234234234234235,5.831229873466635,-1.4554585959861892
3.4434434434434436,4.91910862325082,-1.7024977769965035
3.4634634634634636,3.103969267948528,-0.19731709931984223
3.4834834834834836,3.580087288911508,-0.2627611314752929
3.5035035035035036,3.275324973652773,-0.3905954386967041
3.5235235235235236,3.368341809608369,0.4316264311265421
3.5435435435435436,3.9299012427141307,1.528107693732954
3.5635635635635636,5.529174851889406,1.3540058313628842
3.5835835835835836,6.485428047719137,-0.311316750311875
3.6036036036036037,5.6598802081855855,1.9658356936741601
3.6236236236236237,6.187425604878687,4.463312609238528
3.6436436436436437,9.05016173990527,6.931968965852631
3.6636636636636637,6.003555232111912,4.97554407691065
3.6836836836836837,11.47852309385072,9.99802047998478
3.7037037037037037,11.509387104884006,8.283657337737788
3.7237237237237237,11.468250052373435,9.898484612864175
3.7437437437437437,14.905090346532878,15.736970966190198
3.7637637637637638,15.241380613781176,13.688664686279635
3.7837837837837838,19.811101480219687,18.22789792634709
3.803803803803804,21.410486841567376,20.41241517920549
3.823823823823824,24.83742890621282,21.738100640408312
3.843843843843844,24.068541158565154,23.900361033351263
3.863863863863864,28.36189692902606,26.73844408511195
3.883883883883884,28.31209472845318,27.177321091497294
3.903903903903904,32.2967232447099,27.99390805319714
3.923923923923924,35.56686496568352,34.96652592107644
3.943943943943944,36.954005064871964,35.486489161552825
3.963963963963964,36.358328152383365,41.45323243149405
3.983983983983984,42.172369444139704,41.509754606407256
4.004004004004004,43.49993525751453,43.950263734382766
4.024024024024024,44.84238620110574,45.27120574543697
4.044044044044044,47.761413713932804,45.130304086974476
4.064064064064064,50.34970263706039,48.61566645966008
4.084084084084084,52.83068846652868,53.42150417636361
4.104104104104104,56.071144722094274,55.99563281071632
4.124124124124124,59.13386908090607,57.88380728444508
4.1441441441441444,60.31100494453582,60.05889652130032
4.1641641641641645,64.28147742292504,61.75003794381201
4.1841841841841845,64.59396963395899,63.498665740480455
4.2042042042042045,65.30207483473384,64.50516113995295
4.2242242242242245,66.28227324713163,64.86647239599925
4.2442442442442445,73.2883083033587,66.8426911324443
4.2642642642642645,74.28465417172953,72.49861207138663
4.2842842842842845,74.3397669094043,70.9730457698459
4.3043043043043046,77.21061238510012,73.07935524221486
4.324324324324325,73.55536993973813,75.16092535870449
4.344344344344345,78.41894063635017,74.50362893023366
4.364364364364365,77.65585336041035,75.28388661591922
4.384384384384385,80.31559382100187,75.47270183227907
4.404404404404405,83.47981709824182,76.11585262292587
4.424424424424425,79.11352351799403,77.4753135654454
4.444444444444445,81.12905965768616,79.23015550854076
4.464464464464465,83.42074464348057,79.12236103854725
4.484484484484485,80.84438386698838,78.76327682554107
4.504504504504505,82.88916869368214,77.91714338538178
4.524524524524525,81.92925693098455,79.38585819919717
4.544544544544545,81.1438734485917,76.51820509958102
4.564564564564565,80.93278313046059,77.18051765639575
4.584584584584585,82.13315789894968,75.28876599474293
4.604604604604605,80.44785967380119,73.85226980804696
4.624624624624625,77.01234671908658,74.46206756775612
4.644644644644645,76.59590528750105,70.9412310207903
4.664664664664665,79.45479473854462,67.62822285730047
4.684684684684685,74.34124068961219,68.25128485689571
4.704704704704705,74.76115463434775,69.69924897891876
4.724724724724725,73.80902538716657,65.46449335575706
4.744744744744745,72.72001277405697,61.099668495158845
4.764764764764765,70.1471787791792,61.68170660488044
4.784784784784785,68.20086735464001,60.99717333047868
4.804804804804805,63.871433810299436,57.829875946858394
4.824824824824825,62.79493165322251,55.61619550978584
4.844844844844845,63.72195857601236,52.374510398361146
4.864864864864865,57.44445137571704,50.94717735072698
4.884884884884885,57.10156444204592,52.391033160551046
4.904904904904905,53.33901721869011,47.25008562993465
4.924924924924925,51.3127558916476,44.41680768564975
4.944944944944945,52.66093547516702,39.40858923573718
4.964964964964965,49.51196593068869,40.428418292604306
4.984984984984985,46.27194149969341,35.250927228350655
5.005005005005005,44.12089403190421,34.29877894925067
5.025025025025025,39.111593605969674,31.375251310653013
5.045045045045045,36.20686553397214,29.52951637867715
5.065065065065065,34.07125318644025,26.444399626419234
5.085085085085085,31.20129794357732,24.195177330031733
5.105105105105105,28.79042653102436,20.057561752962318
5.125125125125125,29.64530680214587,22.764522644749082
5.145145145145145,26.459781073529733,17.87801087816915
5.165165165165165,23.23214200912751,16.325827541931407
5.185185185185185,21.568698421508024,14.24341685045043
5.205205205205205,19.79248615349215,8.624780076813463
5.225225225225225,17.598336217803748,10.278193812334298
5.245245245245245,15.658195240371242,8.562364292320991
5.265265265265265,13.019039855161353,7.412049982923325
5.285285285285285,13.996329131660024,6.762787213028618
5.305305305305305,10.047687445315331,2.826668422011528
5.325325325325325,7.802264023553298,5.302007508926309
5.345345345345345,9.717973006048359,1.9589780705511775
5.365365365365365,6.503373234778707,3.20194114789269
5.385385385385385,5.224736941490291,1.4437832903943701
5.405405405405405,6.092811794454865,1.3744490470880515
5.425425425425425,5.791481538655406,0.5933129173982702
5.445445445445445,6.532126553938766,2.3802145311603886
5.465465465465465,3.8118833555003118,0.07037616429378946
5.485485485485485,4.851413767833618,0.19332772065726078
5.505505505505505,5.147405755801423,-1.227311131139829
5.525525525525525,2.704789496339451,0.6650117970575056
5.545545545545545,6.2713337698694,1.8804919470327306
5.565565565565565,8.170143181784955,2.944329528257687
5.585585585585585,5.080057188424029,3.4547190209111585
5.605605605605605,5.416867605506161,2.74491639158384
5.625625625625625,7.271918495888755,2.795980448883666
5.645645645645645,6.66632317135258,5.100108072320187
5.665665665665665,8.954237493007545,7.431816076537805
5.685685685685685,9.647933951587095,9.752684002248897
5.7057057057057055,12.311041776502783,11.306946871829968
5.7257257257257255,15.574787391782273,13.836414291225058
5.7457457457457455,16.146312842303644,13.670243944767806
5.7657657657657655,15.093406247407122,16.5117030666475
5.7857857857857855,18.23273668052775,17.558119300067034
5.8058058058058055,18.518512655832346,21.721822907817323
5.8258258258258255,21.06792082766536,20.480963061530804
5.8458458458458455,25.96285446590254,21.48267664038775
5.865865865865866,27.299529646037023,26.636750672231482
5.885885885885886,30.823497716972142,28.69211897095523
5.905905905905906,31.029323219115767,29.321648636175347
5.925925925925926,34.24473268063873,33.12858460372272
5.945945945945946,36.89364205858271,37.55810445582749
5.965965965965966,38.274190544632916,38.952963474184706
5.985985985985986,43.86349620481445,41.20592132509729
6.006006006006006,43.38807964503597,43.72012745249547
6.026026026026026,48.07759097793635,47.62547977233082
6.046046046046046,46.800563806430674,46.634366294005
6.066066066066066,50.50492897215572,51.179372333724906
6.086086086086086,52.39377818642158,51.91993941868616
6.106106106106106,54.836852777471364,54.98922919922307
6.126126126126126,59.61040543468012,53.92347151574128
6.146146146146146,62.986937354074136,60.51856250183233
6.166166166166166,62.99185040980632,63.13904447303707
6.186186186186186,65.89749120551262,64.40026474482914
6.206206206206206,65.21061418634123,66.06491859047048
6.226226226226226,67.5762954779147,65.77158000368861
6.246246246246246,72.46258707898299,70.40121772546844
6.266266266266266,74.61363276163755,68.88425229387762
6.286286286286286,72.5066342870503,69.17007562322813
6.306306306306306,76.83410757982836,71.93320254384724
6.326326326326326,77.43443442457362,72.6253265965773
6.346346346346346,76.01923078794178,73.32826646902826
6.366366366366366,80.41783668213232,74.72237834705477
6.386386386386386,79.6299265249423,77.98100796254357
6.406406406406406,81.43492166112033,77.13815584750576
6.426426426426427,78.91511134066029,79.71211917591408
6.446446446446447,84.51065823145932,77.52230416118528
6.466466466466467,79.54030047999082,80.71375393836301
6.486486486486487,81.35576909388693,76.60923984661228
6.506506506506507,81.24440055530657,79.49024996682056
6.526526526526527,82.47180650180755,77.5165969522565
6.546546546546547,82.48473036391331,77.08962241198635
6.566566566566567,81.60218737930306,75.8257323322167
6.586586586586587,81.50720294566106,73.78970385502798
6.606606606606607,80.29385899530709,74.8808279617842
6.626626626626627,81.09761059361097,74.0510987044019
6.646646646646647,79.02384838705511,68.37491781686492
6.666666666666667,75.59445965807606,69.67696567374766
6.686686686686687,75.44948389001803,68.7694822146406
6.706706706706707,73.94896126235031,69.32059567238753
6.726726726726727,73.17751007818693,69.16574403527936
6.746746746746747,72.20935110402232,64.84329987947129
6.766766766766767,70.42434504511057,60.98672819235789
6.786786786786787,64.38100416091126,61.20501217283062
6.806806806806807,63.4658586647296,60.32636136161143
6.826826826826827,66.22876662733937,56.13270350077859
6.846846846846847,60.98026509481333,52.9527012100119
6.866866866866867,58.85893863570722,50.81818738104485
6.886886886886887,58.405570116921844,48.11087631970829
6.906906906906907,54.42021734729922,44.64647384475083
6.926926926926927,51.40472664351892,42.98280403979433
6.946946946946947,48.47848492236832,41.86144222156969
6.966966966966967,47.990869221460954,37.28052149607218
6.986986986986987,46.92122522138809,37.9752256006731
7.007007007007007,43.946838673297364,34.87339582559048
7.027027027027027,38.54167562048474,30.365755002810896
7.047047047047047,39.47875199493037,28.68164933108212
7.067067067067067,33.92158335987852,26.769061511248275
7.087087087087087,31.903350420453446,24.81307179456432
7.107107107107107,28.996777775251704,20.346285422779435
7.127127127127127,27.11433935015448,22.937760012051776
7.147147147147147,23.871044370699018,16.056994016545623
7.167167167167167,25.14906894139498,19.043961592052476
7.187187187187187,21.08399076339625,13.601149622970476
7.207207207207207,20.540689408346335,13.800217380380602
7.227227227227227,17.574122197996005,11.726047272189676
7.247247247247247,17.636199543748262,8.998561324389211
7.267267267267267,13.389470272533972,8.240119001421002
7.287287287287287,13.6262105787804,3.1861341485990584
7.307307307307307,12.355785178664352,3.8310218422079165
7.327327327327327,9.296189015434038,3.4794622024736985
7.347347347347347,7.930905866828002,5.9034787480579105
7.367367367367367,6.608214102011266,0.8057078799708992
7.387387387387387,5.640216859583583,1.0730628285981705
7.407407407407407,4.767076689610093,0.14460260862870739
7.4274274274274275,3.538877749909936,-1.7878033118295367
7.4474474474474475,4.907708086555845,-0.3142833500255937
7.4674674674674675,4.121316762480297,0.9293053195231302
7.4874874874874875,6.2622157393094255,-1.4379542497370206
7.5075075075075075,3.4985937046641453,1.2545253956352558
7.5275275275275275,4.9969504149575235,0.42237619470126403
7.5475475475475475,3.4838321033328388,1.8141432566670712
7.5675675675675675,5.103602557672921,1.485806406399884
7.587587587587588,6.266390210590675,2.312874159827389
7.607607607607608,5.712607928425529,3.855453635027534
7.627627627627628,6.700367581982313,2.873362966287549
7.647647647647648,9.19467142375105,6.226500726824225
7.667667667667668,12.146426992428932,8.444757041072878
7.687687687687688,10.578064710470525,9.53472609980956
7.707707707707708,13.972874971691766,9.651799542098388
7.727727727727728,15.921358223835837,15.310948719989756
7.747747747747748,18.871184949422556,11.653546681780185
7.767767767767768,17.617477646283962,16.695149132682385
7.787787787787788,19.88159159632992,19.67120201249924
7.807807807807808,21.636712452160243,20.340762264296178
7.827827827827828,23.422825980153576,21.925395945735087
7.847847847847848,25.285412158574353,23.66196207655803
7.867867867867868,26.169846180256677,27.171990975763922
7.887887887887888,32.6534592244931,28.523492050384814
7.907907907907908,28.240030196618463,31.604299507803137
7.927927927927928,36.19208913449733,33.96836645905162
7.947947947947948,35.14296957090142,37.036413879424636
7.967967967967968,38.96596274463526,37.58309150454826
7.987987987987988,42.302333528349166,40.291039597560385
8.008008008008009,41.65595356772019,43.36094946290578
8.028028028028029,46.73185272505752,45.24573385335829
8.048048048048049,50.316351237164646,49.76322054824181
8.068068068068069,49.34177306045604,51.296735802586404
8.088088088088089,55.30812945468584,50.94516422642306
8.108108108108109,56.57883013723236,57.25127917992368
8.128128128128129,57.14821305224419,58.07049523642781
8.148148148148149,62.03113514231594,59.599190551774505
8.168168168168169,62.473661185500404,61.43871452720459
8.188188188188189,64.67265318464646,62.07937892023583
8.208208208208209,67.42333114177438,64.73594825527063
8.228228228228229,69.72824089775438,67.38234912096924
8.248248248248249,70.35941591619401,68.11508323062525
8.268268268268269,72.55932132837404,68.06091305165869
8.288288288288289,74.45885445082149,70.26601572969042
8.308308308308309,76.92948297094489,74.77164185319752
8.328328328328329,75.07421259341865,77.34042830874232
8.348348348348349,77.12185661753762,74.57512528266372
8.368368368368369,77.08491707778828,78.4701257545677
8.388388388388389,78.39587615757793,75.6561443117009
8.408408408408409,77.91807039508663,76.38796668434046
8.428428428428429,80.20299730670015,78.85218508784789
8.448448448448449,82.63933686707513,75.54755672916569
8.468468468468469,81.28555291575475,78.84173580536566
8.488488488488489,80.71712792907638,78.66555420464334
8.508508508508509,81.27923455310722,78.24657301933661
8.528528528528529,81.9826424001547,79.32471153219136
8.548548548548549,81.93172007085548,79.28692093883848
8.568568568568569,80.9963873576593,76.66833127863862
8.588588588588589,82.75372347450022,75.25770101177226
8.608608608608609,79.13828926522274,73.6402378601125
8.62862862862863,79.81522163346162,75.93812484044177
8.64864864864865,77.54768267043525,72.01337592668644
8.66866866866867,78.39708338476824,71.05077169635534
8.68868868868869,74.75348148956984,70.4319856901874
8.70870870870871,73.84216189614614,67.66873816629256
8.72872872872873,72.44504084359345,65.79255655505622
8.74874874874875,69.94829737613338,66.34853067478119
8.76876876876877,67.87779973438664,59.10500369538785
8.78878878878879,67.6364677269008,59.30476824821582
8.80880880880881,65.9551956381805,57.339685774124625
8.82882882882883,64.20183728711086,54.21085787339324
8.84884884884885,61.91376086535036,50.90915247314305
8.86886886886887,58.938648866834434,49.88500809221914
8.88888888888889,57.59655017647223,49.79531331197714
8.90890890890891,55.43158784168509,45.36562522071134
8.92892892892893,51.90415462295966,45.70289094644184
8.94894894894895,48.54701920176734,40.731107437082315
8.96896896896897,48.04048239071887,41.48483100539064
8.98898898898899,45.14156815230953,34.42090880564719
9.00900900900901,40.36138437469899,33.6966919739608
9.02902902902903,40.65450382630586,31.673596770898474
9.04904904904905,38.762391361224914,28.967016763838416
9.06906906906907,35.60522259252087,24.456092760340784
9.08908908908909,31.816328025884523,24.667234692071546
9.10910910910911,30.342065134760237,20.45285628558597
9.12912912912913,27.8822088454506,20.498430359900464
9.14914914914915,24.37178251984561,19.13068989186552
9.16916916916917,24.593584222976272,16.527082209575216
9.18918918918919,22.724521813736022,16.58192966455815
9.20920920920921,18.640071364228387,11.547362139605662
9.22922922922923,18.50178568110483,10.09613596495875
9.24924924924925,16.99736335518788,6.1844967058939115
9.26926926926927,13.787532292569361,5.817975238332552
9.28928928928929,10.865676234527175,5.747019337037738
9.30930930930931,8.411740459961926,4.442084704176296
9.32932932932933,11.238135963309357,4.286419449598189
9.34934934934935,6.452913255996657,1.3181248255657878
9.36936936936937,9.992054615990513,4.79546411010751
9.38938938938939,9.353453731063698,2.095389969063005
9.40940940940941,7.774706002042404,3.6292113187955155
9.42942942942943,4.575141293715451,0.7427492056247127
9.44944944944945,6.037853134308741,0.48596321450021995
9.46946946946947,7.005434792779241,1.223780945614712
9.48948948948949,3.843526417748211,0.544233361598715
9.50950950950951,4.480043882407785,0.13546275279234019
9.52952952952953,5.264231638699071,1.7551240017503296
9.54954954954955,5.426785483398026,0.05743296741411563
9.56956956956957,5.465299543923275,1.012545732030612
9.58958958958959,5.012818069608585,1.6057016095368026
9.60960960960961,5.829523436077039,5.401679665755723
9.62962962962963,6.064063629487759,6.165153951302666
9.64964964964965,10.678091194775423,8.835111308941125
9.66966966966967,9.419966183150096,8.249771280940497
9.68968968968969,10.162949924557092,8.684531740334824
9.70970970970971,11.999342774505886,9.232250299337874
9.72972972972973,12.609390380957977,11.130893042115678
9.74974974974975,15.136986222134833,14.784465845258463
9.76976976976977,19.39529372380573,17.173844735448156
9.78978978978979,20.058487502172635,16.868496039175195
9.80980980980981,21.11614740539606,19.793368372601844
9.82982982982983,25.479150565430917,24.091069166037272
9.84984984984985,26.74488982431226,25.31491063347212
9.86986986986987,28.656655240695063,27.929647935010415
9.88988988988989,29.68716254955792,29.464510625351334
9.90990990990991,33.39758665527759,29.844589131196496
9.92992992992993,37.82960110290476,36.57960210956567
9.94994994994995,33.696315395216935,35.397209045793474
9.96996996996997,41.8414304547051,40.291045798945056
9.98998998998999,40.94706007233217,40.263119129641154
10.01001001001001,43.971078553904256,44.271397665838784
10.03003003003003,46.86326650036513,45.02076259591886
10.05005005005005,48.363427111656236,49.669016151257914
10.07007007007007,51.92448620991433,53.43549341166111
10.09009009009009,52.468255782776005,52.52856274873286
10.11011011011011,55.42255807982552,54.40978527024415
10.13013013013013,60.79728036520202,59.33284394355092
10.15015015015015,60.61267599033174,61.282947841611204
10.17017017017017,64.99475092824424,63.49222643735299
10.19019019019019,65.63363578952253,65.70616484372205
10.21021021021021,67.89010146313933,68.4234118079311
10.23023023023023,69.28475367590819,66.75050792775916
10.25025025025025,72.25854991774577,69.56170694145183
10.27027027027027,72.87669972569518,71.45432466386458
10.29029029029029,75.07538311144431,70.48788435025988
10.31031031031031,76.6394942113097,74.6432417431493
10.33033033033033,77.87233609215717,73.35687528908743
10.35035035035035,75.8208511857464,75.61813039473334
10.37037037037037,79.06529993799774,75.40731609174385
10.39039039039039,78.39472874619145,77.84398984443088
10.41041041041041,79.73325588088329,75.89031296265298
10.43043043043043,81.52789979386287,77.27821502971034
10.45045045045045,81.79863549795664,76.33356860569347
10.47047047047047,83.45549303820216,75.95721089929609
10.49049049049049,78.97908546859017,77.30876439297305
10.51051051051051,82.83021573245206,76.93788895812084
10.53053053053053,83.24550696672294,74.7755025090788
10.55055055055055,82.39346143997348,78.43021279869076
10.57057057057057,82.38428435283909,75.15188892110397
10.59059059059059,80.05098816227967,75.55875229055769
10.61061061061061,79.33665554367467,73.72483823206419
10.63063063063063,75.66944339509608,73.87780579968971
10.65065065065065,79.37292540750622,67.53226666305004
10.67067067067067,75.29858931906563,70.39756717737465
10.69069069069069,74.05470624074034,66.94944115080268
10.71071071071071,72.69266007060321,67.35114173090275
10.73073073073073,71.71789471615119,67.20948087117345
10.75075075075075,72.06831871628854,63.44421681969579
10.77077077077077,71.48487025552755,60.75390962884352
10.79079079079079,64.68867962618876,60.90820465873214
10.81081081081081,66.04632948980093,56.657104744388725
10.83083083083083,63.011879806841414,56.15794771684847
10.85085085085085,60.57437915453764,51.37868734044345
10.87087087087087,57.64732467376444,49.97596397140348
10.89089089089089,56.91723443087803,48.7860626864341
10.91091091091091,52.69885833167025,46.97396122393558
10.93093093093093,50.981031642570066,42.671903148312765
10.95095095095095,48.850763419291,41.44991212413408
10.97097097097097,47.87658712251158,36.9394999610024
10.99099099099099,44.490747349848895,35.38747766133508
11.01101101101101,43.917239182955335,31.23124100580524
11.03103103103103,35.95516407601159,31.48502681740393
11.05105105105105,37.05223972148756,30.75650630766493
11.07107107107107,35.89438169523198,26.343253337711236
11.09109109109109,32.78227394424842,22.080694926581803
11.11111111111111,30.077245815667315,22.4471959627662
11.13113113113113,30.176656293944436,21.31239559242734
11.15115115115115,23.705503155494178,17.987998234903777
11.17117117117117,23.678971816406836,15.242309200170848
11.19119119119119,20.075561546859742,14.083129610015039
11.21121121121121,17.639994493155214,11.212115148668484
11.23123123123123,20.38107293982428,14.144358561782221
11.25125125125125,12.337519896565592,8.463220334599427
11.27127127127127,13.920212127391407,4.465556727884845
11.29129129129129,11.60284743734741,6.662935088827932
11.31131131131131,10.147323110685583,2.289004871444128
11.33133133133133,8.487112166463888,5.841839444135953
11.35135135135135,6.251747183364926,3.5285623071631447
11.37137137137137,6.375512944399091,3.0115561951377687
11.391391391391391,3.749458865483351,0.2787395160520898
11.411411411411411,5.110635020468593,0.3648480203465485
11.431431431431431,6.536813868936898,-0.4540594312748595
11.451451451451451,4.273692425248672,-3.540453606415117
11.471471471471471,3.339394048065362,0.6187360078195632
11.491491491491491,3.583896992945839,-0.5471217512735077
11.511511511511511,4.581538988371532,1.6911972911415567
11.531531531531531,4.266634559266031,0.21820754180585095
11.551551551551551,4.724443670530908,0.6591594557554645
11.571571571571571,3.2164929407778238,3.5571968959573996
11.591591591591591,9.938005623357727,3.759839951488125
11.611611611611611,6.158030227766009,6.788522302628093
11.631631631631631,7.995743836347798,6.125198409082491
11.651651651651651,9.253010125128231,7.1558593488665565
11.671671671671671,10.110811020414694,8.226733817527439
11.691691691691691,12.004168830306433,6.682493600670266
11.711711711711711,12.741289514954321,12.720505783717423
11.731731731731731,13.812180804786179,11.95308837171497
11.751751751751751,9.736855429604429,16.222058263758953
11.771771771771771,16.766131082196214,16.89741857291206
11.791791791791791,19.55654365968058,19.216808335173397
11.811811811811811,22.129045939125575,20.962994735430637
11.831831831831831,23.707985459815394,21.07996999925001
11.851851851851851,25.843711979809477,25.112666244172903
11.871871871871871,27.650351256851128,26.389984825680443
11.891891891891891,31.243394259544992,29.756175420193884
11.911911911911911,31.89828500617041,32.77079738421978
11.931931931931931,31.873063455114927,32.91745182512903
11.951951951951951,35.281505929336575,36.39553522271318
11.971971971971971,41.562666792092436,39.442641739651854
11.991991991991991,41.96415690351061,40.74787039271471
12.012012012012011,44.195247839662,42.78185353244263
12.032032032032031,49.20789689659082,45.07240246899667
12.052052052052051,47.74448330041822,49.585294907494735
12.072072072072071,53.70245436911341,49.98005528581939
12.092092092092091,52.53085011841394,52.99380382381767
12.112112112112111,55.47638578625781,56.60655101305989
12.132132132132131,58.70345272924991,59.93825331593867
12.152152152152151,60.24375514203005,59.47009555152283
12.172172172172171,64.6877654551031,62.41058482376264
12.192192192192191,63.59726445589317,64.95469406459426
12.212212212212211,66.20973434305486,66.36587822797416
12.232232232232231,68.56320413586906,66.43118154226251
12.252252252252251,70.82170483310136,66.10932390593968
12.272272272272271,70.73098067941733,71.65265284858381
12.292292292292291,71.24025539363429,72.04744839171799
12.312312312312311,73.69115833498542,74.85264345555345
12.332332332332332,78.3946885931098,74.18425221575926
12.352352352352352,79.6172423711139,77.24629208762065
12.372372372372372,78.03972867622477,75.19466370321405
12.392392392392392,80.43892980967915,78.06287550208515
12.412412412412412,80.45430128518522,76.63351052480839
12.432432432432432,80.48952195396214,75.1105717608385
12.452452452452452,83.37426655262331,76.1912117060559
12.472472472472472,79.62353272944874,78.93943629894477
12.492492492492492,84.42694011697583,78.01960344588832
12.512512512512512,82.0064515928174,77.91822311450751
12.532532532532532,82.83394558590257,77.80810744993163
12.552552552552552,81.61472964985663,77.34350653824859
12.572572572572572,81.7526008765111,76.258872438436
12.592592592592592,79.13001111410172,75.60267905403776
12.612612612612612,80.84706784936061,74.33974088764107
12.632632632632632,80.24412653801417,72.3371955317022
12.652652652652652,78.19958494221457,72.99207583352482
12.672672672672672,76.7343182665728,70.92305009762038
12.692692692692692,74.74099029439861,69.01224528971535
12.712712712712712,71.43704029599037,65.67600428994048
12.732732732732732,76.09042915357561,66.41068120523254
12.752752752752752,69.9650344701084,63.04898016006292
12.772772772772772,69.63109520423704,59.09896970584976
12.792792792792792,67.41500770080044,59.159340579802894
12.812812812812812,63.12334094859332,55.9877344434519
12.832832832832834,65.29977766215174,55.828226821964826
12.852852852852854,60.28246102840522,52.50729283848956
12.872872872872874,59.64185712237742,50.26282847827299
12.892892892892894,56.412553913940386,49.52824332863551
12.912912912912914,54.263985182980065,43.72909163652541
12.932932932932934,50.35456780804511,45.99065428363373
12.952952952952954,51.162809929721135,39.938776563596875
12.972972972972974,47.12847919295468,38.65660258485412
12.992992992992994,46.0008245268617,33.17558670425483
13.013013013013014,41.749549794240856,35.11669386355925
13.033033033033034,41.01273107564358,29.915648076882913
13.053053053053054,37.369911260380285,27.24970150869924
13.073073073073074,33.33613590655206,23.326289049469235
13.093093093093094,32.38286759376224,24.773938201599922
13.113113113113114,29.944764620288417,21.56788930077014
13.133133133133134,28.615367904290206,17.90461484009452
13.153153153153154,25.944995908694917,17.175844570846785
13.173173173173174,22.150893919580476,14.639399184624768
13.193193193193194,21.267194746552068,14.60413547872965
13.213213213213214,21.13110297723816,12.87688031400288
13.233233233233234,19.567922944697173,11.16066533617879
13.253253253253254,15.935686716901573,8.825106093283571
13.273273273273274,14.047120482224008,4.817425295447009
13.293293293293294,11.232088561785387,6.875826670806862
13.313313313313314,6.966487940992023,4.235797270970668
13.333333333333334,8.627145495816091,3.1361529180605325
13.353353353353354,9.59889254770573,2.092136033891595
13.373373373373374,7.53573722414619,1.5850919655998976
13.393393393393394,5.9503734583912635,2.0464139805764336
13.413413413413414,6.707986740067973,1.4425131594766147
13.433433433433434,4.389104226284921,1.754962435386529
13.453453453453454,4.543059051660217,-1.8764001221447495
13.473473473473474,3.8143499845450735,2.1100284608343176
13.493493493493494,2.728707431066848,-0.7514960610452402
13.513513513513514,3.1832833789281487,-0.696863050420211
13.533533533533534,5.4366508412182215,-1.3969948432175854
13.553553553553554,3.9707098149459528,-1.621166585770272
13.573573573573574,6.095639664759599,2.2637569865555234
13.593593593593594,5.383541081604996,3.84608853218457
13.613613613613614,6.840658603532817,3.3992305307581914
13.633633633633634,7.146148051018231,1.9102861101747393
13.653653653653654,8.95245881770812,7.421471315827551
13.673673673673674,8.2078139583844,5.953488245005135
13.693693693693694,9.631181294593615,7.436600967123809
13.713713713713714,12.195812484705757,10.800096851961005
13.733733733733734,13.714783779725149,12.310018601489457
13.753753753753754,17.76007236645765,14.7553719329365
13.773773773773774,15.762679434301324,18.361659385603893
13.793793793793794,19.558165568285382,18.54642322806101
13.813813813813814,20.557971344666676,20.488109036069243
13.833833833833834,26.57450938551851,23.49211179967075
13.853853853853854,26.274393269865406,24.001513724237007
13.873873873873874,28.583656374600114,27.191444662564415
13.893893893893894,29.53329242246194,29.922155979195704
13.913913913913914,35.42982183459319,33.61213607223431
13.933933933933934,34.77100327289786,34.83657258076619
13.953953953953954,37.374216448934284,36.42838612069795
13.973973973973974,37.71159991630014,40.39194520406941
13.993993993993994,42.90924832795982,41.36354387330644
14.014014014014014,43.18932239955663,44.47420815897303
14.034034034034034,48.125132316206304,46.889115227112256
14.054054054054054,48.90008644618986,52.26771428616192
14.074074074074074,52.96678532790687,51.86946540644145
14.094094094094094,57.35727691626835,53.29423747853316
14.114114114114114,55.5884144044542,55.64421535012955
14.134134134134134,58.06233718495149,61.028488476677225
14.154154154154154,60.33561859196421,59.133212252463274
14.174174174174174,65.46986695670141,61.24233740763535
14.194194194194194,66.48153289208041,63.50225613493741
14.214214214214214,68.18588862631188,64.68957917552797
14.234234234234235,68.25618622800133,71.28655664192905
14.254254254254255,72.85516255308902,69.5978788142012
14.274274274274275,73.58659079877759,70.35559728530055
14.294294294294295,74.36578799674226,73.01365900736663
14.314314314314315,76.16950729541121,71.12233310126537
14.334334334334335,77.45373033139428,74.15450357061503
14.354354354354355,77.78394844512577,75.8874120970031
14.374374374374375,79.32204249202574,74.64079116025937
14.394394394394395,82.09731597112757,76.77886394551066
14.414414414414415,79.40514426870764,76.86568243459531
14.434434434434435,82.84575002274248,76.04966115072304
14.454454454454455,82.44896195789758,77.53898663053273
14.474474474474475,82.25730467274738,73.61151924377775
14.494494494494495,82.93555909895508,78.51229876671826
14.514514514514515,81.64443590556682,79.26663657904282
14.534534534534535,80.41348918219003,77.66888193050029
14.554554554554555,82.09321798044176,77.08544143916622
14.574574574574575,79.29613113055179,76.38382527088942
14.594594594594595,79.51612967174837,73.46801039568986
14.614614614614615,79.30163093658133,73.27400809818874
14.634634634634635,81.54747048379879,73.55784801294317
14.654654654654655,77.36358211038821,70.68650470734624
14.674674674674675,73.15754887031095,69.90569472405514
14.694694694694695,75.09351479763889,69.08636672446269
14.714714714714715,75.68856156465317,66.58972553640214
14.734734734734735,70.95557422093219,64.74597861453752
14.754754754754755,69.12195779306282,60.79152057491896
14.774774774774775,68.7106356471403,61.64464504425206
14.794794794794795,66.7994545272998,57.36561702190102
14.814814814814815,63.40111700049506,57.92735221339419
14.834834834834835,59.593956911539216,57.07946641446294
14.854854854854855,59.59724261812023,51.61618184512625
14.874874874874875,60.06076194710186,50.010978408721556
14.894894894894895,55.886638356004454,48.17800610913431
14.914914914914915,54.704212757935096,43.53151210426258
14.934934934934935,51.077861736071924,44.00859755714593
14.954954954954955,49.88785600115459,40.841643454541256
14.974974974974975,46.30118849259226,38.685425436726106
14.994994994994995,44.2218749046671,35.1510297440182
15.015015015015015,41.87727467035541,33.370568805562165
15.035035035035035,38.187192913158505,31.020743998102954
15.055055055055055,33.027767687753176,26.810561566945562
15.075075075075075,32.66992941782733,26.243671963638352
15.095095095095095,31.542628752498022,24.780228818417534
15.115115115115115,28.15875493501671,18.83271982201097
15.135135135135135,26.144637184994227,18.687758553176945
15.155155155155155,24.7210011719731,17.052365325127806
15.175175175175175,23.373422874860996,15.658938674658186
15.195195195195195,19.61721438796631,12.67896306368151
15.215215215215215,17.279534797327,11.983757583785064
15.235235235235235,18.27102153670005,8.397682768490318
15.255255255255255,13.960384247617645,9.594921152497626
15.275275275275275,14.0357577633159,7.136018624984786
15.295295295295295,7.9221650933219205,4.730440001049956
15.315315315315315,7.745637884246435,4.791467643030067
15.335335335335335,7.605556310267152,2.0654053310896305
15.355355355355355,8.020005202066873,2.993972545145903
15.375375375375375,7.9536058194863,1.302380792731875
15.395395395395395,9.21761748216839,0.5806305824920839
15.415415415415415,8.96669116212911,0.7989491216332892
15.435435435435435,3.040342587669419,1.4438472601035595
15.455455455455455,5.917761523713181,0.5535904437085228
15.475475475475475,1.6932994719367191,-1.1742056888643906
15.495495495495495,2.296357561769213,-0.7408026554646808
15.515515515515515,2.176151617791712,0.04731450130985754
15.535535535535535,5.312585946508207,2.109849048539319
15.555555555555555,6.587637985843207,0.3668733153376579
15.575575575575575,6.105289839677008,0.5535067416402715
15.595595595595595,5.923229935554667,3.3509750260517173
15.615615615615615,5.29893931323944,1.6032413616457535
15.635635635635635,7.848905885636077,4.824665899813278
15.655655655655655,8.985459122341569,8.484414996128471
15.675675675675675,11.49491943281467,10.510153294370882
15.695695695695695,10.197222180877311,9.161431226472423
15.715715715715715,14.722384821516162,9.7778283536979
15.735735735735735,14.378115778747366,13.131228998153688
15.755755755755755,16.63426673234385,14.659913033009403
15.775775775775776,17.027074407456062,14.21989884920528
15.795795795795796,19.41450854650564,19.069287328344995
15.815815815815816,23.602659615640977,22.502430353921703
15.835835835835836,25.05708437859107,21.19623138776254
15.855855855855856,24.000855496755015,24.97247423411465
15.875875875875876,26.57749368249439,28.258799307441443
15.895895895895896,31.861325613866242,28.83552834015734
15.915915915915916,34.27602891554,34.20111573890874
15.935935935935936,37.44999808876193,34.11272766651194
15.955955955955956,37.63057545205088,35.78039860016279
15.975975975975976,41.343006386273714,41.765485604721924
15.995995995995996,42.942025365317924,41.11402796348932
16.016016016016017,46.105798818107445,43.34630006676516
16.036036036036037,48.77621727926595,48.09735191571394
16.056056056056057,51.860339844777684,48.38167726462969
16.076076076076077,50.057382310265155,49.86856620539025
16.096096096096097,53.53210953595604,56.281340361620906
16.116116116116117,58.203502763400536,55.662998250426675
16.136136136136138,59.628974013771526,58.744913176281415
16.156156156156158,61.75899959811939,59.447330832519455
16.176176176176178,62.042780980085354,62.16417572550455
16.196196196196198,66.49350107178485,63.1289796854634
16.216216216216218,69.73626578863251,64.20898008415045
16.236236236236238,69.43527896570518,69.94077561008208
16.256256256256258,72.83876211377142,68.67082951404376
16.276276276276278,73.42157962453022,69.88502684051475
16.296296296296298,74.71092877771973,71.25338010481131
16.316316316316318,74.87560436090119,73.06826092571846
16.336336336336338,80.28607665187563,74.27053306528602
16.356356356356358,79.20769583255483,74.3932750804211
16.376376376376378,77.60640348518798,75.90335849731102
16.396396396396398,82.12172441372773,75.65887639396327
16.416416416416418,81.47244658200738,78.55040046163344
16.436436436436438,81.17743038181312,78.44639364243905
16.456456456456458,82.00794969710225,79.54571268316788
16.476476476476478,82.64198642130725,79.61881778097148
16.496496496496498,83.23885268845746,74.49190375522333
16.516516516516518,82.4295633981501,79.01212012663679
16.536536536536538,81.57036915501816,78.56323802070415
16.556556556556558,79.87628751663756,77.93041305838862
16.576576576576578,82.86160462318581,74.99907250694996
16.596596596596598,79.97549317404274,72.5095123202177
16.616616616616618,82.18171481856962,73.87736450111586
16.636636636636638,76.86054798309904,72.52223730449604
16.656656656656658,73.62167338791167,72.78597300532398
16.676676676676678,75.5744208051631,71.47574768338418
16.696696696696698,74.62150257221371,70.59590857899153
16.716716716716718,72.93302729646848,64.5731156050979
16.736736736736738,70.51805250881497,67.76466597720965
16.756756756756758,70.33793417020654,61.3311730793897
16.776776776776778,66.67332011316981,61.658048156832436
16.796796796796798,67.48963236210136,58.42038697753212
16.816816816816818,64.65886852830936,57.565498729304615
16.836836836836838,61.617421324451776,56.584375178389344
16.856856856856858,60.05069567889449,53.23968180873881
16.876876876876878,56.23295629995967,50.37546689070501
16.896896896896898,56.22175437776659,47.27575268323825
16.916916916916918,51.659559874224314,46.578652018635786
16.936936936936938,50.43845660865253,41.061356258818776
16.956956956956958,44.729833951310255,41.92285286302354
16.976976976976978,47.61795289719229,39.816437090253196
16.996996996996998,42.39353495018806,36.054189357881164
17.017017017017018,41.12832994214768,33.687113223858766
17.037037037037038,37.74191017075421,30.800705053155365
17.057057057057058,35.919451193558416,27.74350342044354
17.077077077077078,33.53464441937993,25.22292182229856
17.097097097097098,32.28614168705521,25.621950558069344
17.117117117117118,27.779597919274806,21.41574836711666
17.137137137137138,27.19099950516139,17.656753327847497
17.157157157157158,25.152239608374376,16.466752525890122
17.177177177177178,24.48419236493864,15.789794212909008
17.197197197197198,21.329409291166062,15.197242916542034
17.217217217217218,18.537995251761767,10.777949226629213
17.237237237237238,17.537208616402026,6.069921531539061
17.25725725725726,13.96662408549593,7.4196736076074234
17.27727727727728,11.897144232842948,6.012081488126357
17.2972972972973,12.883342493363475,3.1892160998062975
17.31731731731732,10.486940763163203,2.7627164669760873
17.33733733733734,10.323855173013836,4.6649321935633274
17.35735735735736,8.520298815450714,2.9337573720773094
17.37737737737738,7.314759016737287,2.54287026640421
17.3973973973974,6.794897054717642,2.043212376633201
17.41741741741742,6.187621424297328,-0.23723745161721865
17.43743743743744,4.815285412795556,-1.5491686644204863
17.45745745745746,6.196985050028902,0.538616684857312
17.47747747747748,4.876536903405273,1.5568975619778707
17.4974974974975,5.1039107452466554,0.08388141151566994
17.51751751751752,3.5251007625237776,1.8117388848845468
17.53753753753754,4.884201303487746,1.146638479181465
17.55755755755756,4.681602372787052,1.7308684590786474
17.57757757757758,4.6215661978016485,0.27277475872299006
17.5975975975976,7.14941590562365,3.08188376523653
17.61761761761762,4.685094094253003,3.1934401311859597
17.63763763763764,5.518533504032202,8.670340974019474
17.65765765765766,8.834078695189183,6.0419437529679545
17.67767767767768,9.784973041580988,9.558406983730238
17.6976976976977,10.359856256373869,9.12382123852426
17.71771771771772,10.885117431932137,10.218656975641208
17.73773773773774,18.04862980826255,12.23850993373254
17.75775775775776,14.522754247152703,14.48277724870127
17.77777777777778,17.700570047201722,17.052117582433006
17.7977977977978,20.88711686271709,21.087742867030236
17.81781781781782,19.469322110751733,21.31962606143367
17.83783783783784,23.78337519423861,23.91099731188366
17.85785785785786,28.634013867697057,25.380744688868674
17.87787787787788,29.293417100355427,29.612940686917636
17.8978978978979,27.963647370015426,29.52219871101691
17.91791791791792,35.76525073619144,33.35179891181671
17.93793793793794,34.06515990858643,32.92576551718586
17.95795795795796,37.90324692781584,37.27049885307192
17.97797797797798,39.066434527539656,41.60726604814674
17.997997997998,43.71598973599253,41.46618394389755
18.01801801801802,44.89761449752568,46.20695060469756
18.03803803803804,48.01280859091309,47.08655084489782
18.05805805805806,53.32670187467718,51.09471126793442
18.07807807807808,51.790198897883116,54.674337807763905
18.0980980980981,52.28525773039665,56.682464805729786
18.11811811811812,56.71528850407664,58.85923911991996
18.13813813813814,59.864361513633966,56.817953040339816
18.15815815815816,62.34299049586016,61.84190331901477
18.17817817817818,64.2320316937512,64.95966029587862
18.1981981981982,68.26953854633256,63.91945248968692
18.21821821821822,67.9838667142715,69.30596242899354
18.23823823823824,70.47366651450648,67.33698650243821
18.25825825825826,70.93957021338707,68.72755171787708
18.27827827827828,71.75560420424648,71.72325495305937
18.2982982982983,76.79194544662876,69.46397460425452
18.31831831831832,76.9388033176955,72.3325096642301
18.33833833833834,75.73738852962637,76.4026749812817
18.35835835835836,77.86967941855981,74.27324356018806
18.37837837837838,78.83859166418954,76.43983207799695
18.3983983983984,80.69378555561434,78.0305348370358
18.41841841841842,81.2252842793752,79.00230522630257
18.43843843843844,82.51186278140284,77.96274051038252
18.45845845845846,80.12562683294564,76.77395624178033
18.47847847847848,83.18934689512803,78.18447037954937
18.4984984984985,81.19730454433692,79.19142031295887
18.51851851851852,82.90088855528901,75.31740903484837
18.53853853853854,80.01578411377733,79.2838811249225
18.55855855855856,82.70586961031945,75.37056304507917
18.57857857857858,82.70878990571647,75.25749907464352
18.5985985985986,79.43715855025788,78.147397104674
18.61861861861862,76.1516512035885,74.48968876182359
18.63863863863864,80.44786137710972,72.70855331363371
18.65865865865866,78.19344247042622,69.63910062792193
18.67867867867868,74.64120014634547,70.42887920060025
18.6986986986987,75.1604886363075,70.78526602115075
18.71871871871872,74.54117237286106,66.69683913768196
18.73873873873874,71.08824575927157,63.34176241496226
18.75875875875876,69.30765635676116,63.61321740842446
18.77877877877878,66.2435847031499,62.0801053577308
18.7987987987988,66.55688950477357,60.73807853153296
18.81881881881882,65.83588067987344,55.86478684321512
18.83883883883884,60.93682749720666,55.17135273833321
18.85885885885886,59.76901190903389,52.24927059136308
18.87887887887888,55.70747233269114,49.09204718119412
18.8988988988989,54.36202532379714,45.96142449167424
18.91891891891892,54.24762960011288,46.43094033519326
18.93893893893894,49.11597925065907,46.089690355770905
18.95895895895896,48.353057095384315,41.09455346696396
18.97897897897898,46.94845158531401,36.89974537433126
18.998998998999,43.467217969703235,35.91938665574329
19.01901901901902,40.53586974594441,32.02141270472377
19.03903903903904,39.096421118506335,29.392237912005086
19.05905905905906,35.73207392023831,26.372624074144632
19.07907907907908,32.64289475260531,27.318162509310998
19.0990990990991,33.41136610372927,23.42897817569016
19.11911911911912,28.05710758080151,22.91880318130671
19.13913913913914,25.39576956261764,18.728742480196512
19.15915915915916,25.97715088104089,17.32473711588573
19.17917917917918,21.62979707396864,15.615589187471805
19.1991991991992,24.276814656402603,16.147642077223093
19.21921921921922,19.05986406184935,10.497236436805375
19.23923923923924,15.985856481697333,10.539045481293746
19.25925925925926,12.76073871352864,9.196034221466967
19.27927927927928,15.031064268422389,6.436500591719185
19.2992992992993,10.461054176937521,4.674735980691792
19.31931931931932,9.111536820180989,4.160588981713252
19.33933933933934,7.878340673680162,3.22971587149946
19.35935935935936,8.264588035700005,3.891142886808221
19.37937937937938,7.80644311702078,-0.1410077445410547
19.3993993993994,4.17688589592769,2.7496162886773066
19.41941941941942,5.808257111927416,0.6276503931756515
19.43943943943944,5.346915687833613,0.20139300094094723
19.45945945945946,4.174090522233251,0.3762428178474104
19.47947947947948,4.279660445827081,0.8664702768213144
19.4994994994995,3.8935997971599052,0.5133752200909281
19.51951951951952,5.024651294706336,-0.2940612927390377
19.53953953953954,3.7660761330003667,-1.126566260354763
19.55955955955956,6.12827818612186,-0.4990720448546331
19.57957957957958,7.40169492844194,1.6597231671033703
19.5995995995996,6.934383078802013,1.858062185765312
19.61961961961962,8.380304398831619,5.947458292781314
19.63963963963964,7.296176144451439,7.979256943950642
19.65965965965966,9.72743821408873,7.572483905662374
19.67967967967968,11.503493383173184,10.140007764911921
19.6996996996997,11.825006233590132,11.195159754752375
19.71971971971972,14.552431147403803,11.760433384533973
19.73973973973974,15.692193465735969,14.240197552242279
19.75975975975976,19.492562548414814,18.79833855603549
19.77977977977978,18.88682682934578,17.91715209737312
19.7997997997998,18.525624437268732,20.099227009169788
19.81981981981982,22.0155315414691,22.02507513999102
19.83983983983984,24.589733745574875,22.74927770170886
19.85985985985986,24.456971748880257,24.597559258040107
19.87987987987988,26.179210538764263,26.431414012980404
19.8998998998999,31.33141715127919,29.74007080220951
19.91991991991992,32.38441828268681,33.64816941689208
19.93993993993994,35.55763173616261,37.416160297262344
19.95995995995996,39.189231162464566,34.47913585835957
19.97997997997998,40.36871786760069,39.850783372996055
20.0,42.39973177145501,46.66304422054038
