mean,std,ptp,rms,dom_freq,hr_mean,hr_std,hrv,hr_range,hr_slope,hrv_change,hr_local_std,hr_response_amp,hr_deviation,cpi,start_time,label,is_anomaly,stress_score
35.45170829631688,2.853463134884111,9.471648418112473,35.566358725476604,0.5,65.99356554404726,0.6716497331324606,0.25509261913088305,2.692725284308885,0.01209799007408251,0.3646466638864711,0.04328386278960182,2.692725284308885,0.3408972467521665,0.5629981054228044,0.0,0.8241821745864868,False,0.7875536480686695
38.87916502322718,1.2247568204401658,4.121299824668618,38.898451153902606,0.5,66.1419273356375,0.11313758109407758,0.02746100779321501,0.23220268555265022,-0.0030219900057103367,0.03905377600703195,0.07545694140357351,0.23220268555265022,0.11157082195026163,-0.5834491344465803,1.0,0.8317559909155429,False,0.7875536480686695
38.913989168322175,1.1900577041264684,4.02429171085015,38.93218193643205,0.5,67.33590510572432,1.371456086807181,0.27839798856935877,2.772053480279908,0.04064940236858977,0.3973945395902146,0.6583262261681528,2.772053480279908,1.36794081241028,-0.8055538059165369,2.0,0.8393298072445987,False,0.7875536480686695
35.54287480373881,2.8296125280409714,9.389148845456859,35.655331387789644,0.5,68.89989184539806,0.5420832473264043,0.2795477051057806,3.1636701347022864,0.010712976790656564,0.3999398960342112,0.054826331619133,3.1636701347022864,0.2772283762005334,-0.5263524545438307,3.0,0.8145289813546378,False,0.7875536480686695
30.053888138449775,3.487263576911664,11.655301506426245,30.25553171724647,0.5,68.52439942617956,0.6517003154969064,0.13700062459434237,1.3089247016762613,-0.019403190551472514,0.1910862188829058,0.0,1.3089247016762613,0.6505461842939069,0.8654159910376467,4.0,0.7897281554646773,False,0.7875536480686695
24.544311400355497,2.852434213673528,9.468089967254784,24.70950430625746,0.5,67.01076119653594,1.0142533844124,0.20548762224072167,2.0549810603564396,-0.030038607038874014,0.2935687229080628,0.7533685008627201,2.0549810603564396,1.0011867726056571,0.8330507171364151,5.0,0.7807242505628821,False,0.7875536480686695
21.11929406069269,1.2232450848767638,4.117061501724571,21.154690027501815,0.5,65.72806724336934,0.6781207931406183,0.2112250316734852,2.5653879063332283,-0.016732572309417243,0.30248839771454245,1.4210854715202004e-14,2.5653879063332283,0.41960190781690954,0.8192404708732451,6.0,0.771720345661087,False,0.7875536480686695
21.087498070154467,1.1915630720477959,4.028488786997784,21.121136271835294,0.5,64.06385937235714,1.3216634601727588,0.2647962697341111,2.6480977940324735,-0.03958242787239743,0.3782996848617819,0.6288883817254413,2.6480977940324735,1.3192823209869784,-0.8045893486506063,7.0,0.7551506627711602,False,0.7875536480686695
24.46107233161501,2.830657546732963,9.3927641947366,24.62431078749977,0.5,63.00632602310374,0.5058385934617773,0.27256772121127437,2.6480977940324735,0.004491702155322988,0.38852359024454053,0.2150638110595607,2.6480977940324735,0.3736351601105007,0.3128685481730253,8.0,0.7385809798812332,False,0.7875536480686695
29.951010736204335,3.487273348602704,11.655335069354567,30.15334342205026,0.5,63.30035010499644,0.18681956348542775,0.0632437867720961,0.7522311327597748,0.004404628061122448,0.0905418556348334,0.025950390760658453,0.7522311327597748,0.107758626511961,0.6754197827732905,9.0,0.7816501989575877,False,0.7875536480686695
35.45966740676547,2.8514045572370397,9.464528919801072,35.57412712277642,0.5,64.09865197074117,0.8394639137015232,0.26723275944952746,3.8845309433909136,0.024657333743654333,0.3148473085420069,0.6729005550406166,3.8845309433909136,0.8011189252277293,0.8201286305935492,10.0,0.8247194180339426,False,0.7875536480686695
38.88224441987976,1.2217336103665242,4.11282204968844,38.9014339599708,0.5,65.97735222644718,1.2791392666832253,0.2670943451345414,3.752103410079563,0.03946251980662054,0.3834538095687414,1.4210854715202004e-14,3.752103410079563,1.2110968550703547,0.8839326848002049,11.0,0.8313764629237119,False,0.7875536480686695
38.91101224714127,1.193068758569668,4.032684758344132,38.92929857009823,0.5,67.81237872631465,0.7306777958906628,0.14719172721760182,1.4719923680803646,0.021764111580857736,0.21028462401148065,0.4783409011846367,1.4719923680803646,0.725397838990005,-0.8308595877273366,12.0,0.838033507813481,False,0.7875536480686695
35.534979013996434,2.831701837265402,9.396376968078187,35.64762641215175,0.5,68.43670565546483,0.3449785867017253,0.14972562234745754,1.4719923680803646,0.001162249881334761,0.21353217574172453,0.09011112385905878,1.4719923680803646,0.20398857291429806,-0.02348033339448221,13.0,0.8166738339586902,False,0.7875536480686695
30.044090375706393,3.487282189665237,11.655365435841304,30.245801420593406,0.5,68.09042772167744,0.3407080836997377,0.06834623886687023,0.8945907438335752,-0.010523609267016218,0.09799348083098575,0.1244134644644974,0.8945907438335752,0.3343910525485319,0.8952370916233923,14.0,0.7953141601038992,False,0.7875536480686695
24.536355283411424,2.850374165908009,9.46096527672795,24.701363595548074,0.5,66.65348028608052,1.2081882302919225,0.2470532253515616,3.029071581729241,-0.03643309031812527,0.35384690167415767,0.6495238782602791,3.029071581729241,1.2011090884167472,0.8615568438700524,15.0,0.7837383144443563,False,0.7875536480686695
21.116219535477377,1.2202223995406862,4.108581469722871,21.151446053989247,0.5,65.18246871199509,0.5918207249294872,0.24548338716240342,2.9620578410018368,-0.01398128076866505,0.35151483701697434,0.1540622700108431,2.9620578410018368,0.3702290168395882,0.7297070533063484,16.0,0.7721624687848131,False,0.7875536480686695
21.09047987938209,1.1945747608387591,4.036879623738464,21.124283429310772,0.5,64.29806033284522,0.5995874616811409,0.1274655575733096,1.7149282824540109,-0.018268170897350795,0.18284632931792258,0.3727462269979444,1.7149282824540109,0.5852542838502188,-0.8101803025898994,17.0,0.7562777463254652,False,0.7875536480686695
24.468971158343958,2.8327453992986578,9.399987164490817,24.632397285792464,0.5,63.515415070112894,0.38451128325055295,0.12256243042700986,1.5908720061811366,-0.010369587815388239,0.17570254124967077,0.16270885388864,1.5908720061811366,0.2740426152994199,-0.742894086691202,18.0,0.7403930238661174,False,0.7875536480686695
44.960808524474544,18.12078513082932,41.655392605878085,48.47511894706548,0.5,63.234283169161024,0.11805955964131583,0.04445911995002385,0.44382478522869206,-0.0016316597052892369,0.06348376248881715,0.007749370246482235,0.44382478522869206,0.06379447639853104,-0.2566567350871401,19.0,0.7809470489739931,False,0.7875536480686695
65.46762052802308,2.8493430400201136,9.457399039012714,65.52959707918964,0.5,64.71392360066343,1.732957160923969,0.3497292321864737,3.519960656644308,0.05152849447737944,0.49967123490432325,1.2136313288513008,3.519960656644308,1.7158813889674136,0.8392389784748195,20.0,0.8215010740818691,False,0.7875536480686695
68.88531407281465,1.2187114550410256,4.1043397629908185,68.8960938843485,0.5,67.19745979081692,1.3562883257658385,0.38586782297111777,5.163898221857181,0.03829971104721709,0.5534650712903081,0.5414739445342216,5.163898221857181,1.0365921334823402,0.8342938895913139,21.0,0.7956388658877616,False,0.7875536480686695
68.90802555068467,1.1960810760134373,4.0410733820303335,68.91840534453921,0.5,68.21715727658413,0.3851444820248497,0.16714422342099677,1.6662708789794465,0.0038908937121190645,0.23862022958561468,0.0,1.6662708789794465,0.1809627310220182,-0.034310137836937274,22.0,0.7697766576936536,False,0.7875536480686695
65.52707715244715,2.8337882324934087,9.40359478298447,65.58832362463139,0.5,68.2436320049152,0.024705162406227887,0.014061633910077179,0.13496200232307842,-0.0004114647477651231,0.020035633718806966,0.02751009294104293,0.13496200232307842,0.020625238893566832,0.46508355871289964,23.0,0.7702859854282684,False,0.7875536480686695
60.03429256459638,3.487297079894575,11.655416579457494,60.13549305239789,0.5,68.29203971168286,0.06654409540946346,0.01406163391007718,0.13496200232307842,0.0019547824810149193,0.020035633718806966,1.4210854715202004e-14,0.13496200232307842,0.0661828579895034,-0.854313419307616,24.0,0.7707953131628836,False,0.7875536480686695
54.52840516002138,2.848311179907342,9.453830207633423,54.60274577228723,0.5,62.95053663980605,5.74143058953652,1.1539723447076096,12.858145291668222,-0.17228360691518288,1.644603874325582,2.73805846863997,12.858145291668222,5.729448861447917,0.8570734682638546,25.0,0.7944992813927729,False,0.7875536480686695
51.1131547556648,1.2172007795199111,4.100096930655582,51.12764581725039,0.5,56.521463993971985,2.190187037802253,1.1539723447076093,12.858145291668222,-0.040834215231344936,1.6506250161805938,7.105427357601002e-15,12.858145291668222,1.0444108547160094,0.6227044145344259,26.0,0.8182032496226621,False,0.7875536480686695
51.093471462248544,1.1975877012637037,4.045266032069648,51.10750475581667,0.5,55.22100696707032,0.2936453435615814,0.05883206575880857,0.5883506731824824,-0.008794368598245443,0.08405009616892606,0.13972554321015684,0.5883506731824824,0.2931163053795125,-0.8055737106941084,27.0,0.7978898686561502,False,0.7875536480686695
54.4768760525465,2.8348303365106533,9.407199822569687,54.55058466672302,0.5,54.549968787836605,0.41376245663912753,0.09635112138275066,1.3574585153099719,-0.012560519312167747,0.13833436182804737,0.10767509789784852,1.3574585153099719,0.4016976092868843,-0.8658606155041387,28.0,0.7775764876896377,False,0.7875536480686695
44.970606355737324,12.081360495869095,29.87431679409124,46.5651662451003,0.5,54.72291554479364,0.6465491728788628,0.15233119876941043,1.3071618141278094,0.018870117213562763,0.20210208829040627,0.4247773111619175,1.3071618141278094,0.6411265043012639,-0.8448330559380364,29.0,0.752405216030558,False,0.7875536480686695
35.47556765136526,2.8472785859039913,9.450258783568824,35.589645903441365,0.5,55.73147936372141,0.5386641121919498,0.14955007375861445,2.047312814709791,0.015522811962930603,0.21459480146509885,0.10362114008147744,2.047312814709791,0.4467885847615893,0.8550240579299322,30.0,0.7272339443714786,False,0.7875536480686695
38.88837397866444,1.2156903756403636,4.095852973880746,38.90737120127611,0.5,57.32287146337876,1.175519447058102,0.2439708600107711,3.0725732261303165,0.03541553009722727,0.3414049654776589,0.32653911157676696,3.0725732261303165,1.172998108134761,0.7786891638489954,31.0,0.7725993786841164,False,0.7875536480686695
38.90502908222879,1.1990946337711208,4.049457572706558,38.923503385869665,0.5,58.839190135181525,0.4749007846821274,0.24569970827131957,3.1294130372291775,0.01310731641019468,0.260593317691553,0.27654547584439726,3.1294130372291775,0.4107437270256654,-0.7226925743443947,32.0,0.8179648129967542,False,0.7875536480686695
35.519169227759214,2.8358717110116993,9.410802282257798,35.632198234062315,0.5,59.44931702968247,0.32247287196447955,0.08922070127834462,1.2063544343004935,0.009215123054253881,0.12799656639431437,0.1110575668677614,1.2063544343004935,0.2546980559896892,-0.7875954968749964,33.0,0.8062751766902488,False,0.7875536480686695
30.024494715867835,3.487308247582027,11.655454937218693,30.226339536186476,0.5,59.26189126832274,0.4767257536845743,0.10600323993009128,0.9736889771460824,-0.013570043733243456,0.15089182500002485,0.26415519775745794,0.9736889771460824,0.4686641025337713,0.8285599289753622,34.0,0.7945855403837432,False,0.7875536480686695
24.520461038906536,2.846245258344675,9.446684767798306,24.68509918212165,0.5,62.58050434787154,3.8320244143841085,0.7803336529919783,7.732822496361294,0.1137139325003465,1.1134118733346587,1.0825951494905812,7.732822496361294,3.826696075777249,-0.8516533931954168,35.0,0.7804011224279475,False,0.7875536480686695
21.110099724616944,1.2141802460761073,4.091607893830169,21.144988627408484,0.5,65.56741574817742,1.1219234302995207,0.7954289939525199,7.732822496361294,-0.022138480068656482,0.8180563659021073,0.42472363485626896,7.732822496361294,0.9545957343026334,0.42561684039066816,36.0,0.7662167044721516,False,0.7875536480686695
21.09647281547208,1.200601870728755,4.053648002791569,21.130608370464632,0.5,64.17041782374936,0.763968790999588,0.22109090962936245,3.1068672770151338,-0.022616909341496405,0.31741105445675993,0.42844818644814275,3.1068672770151338,0.6969501781744413,-0.7510008494719942,37.0,0.7506486349257128,False,0.7875536480686695
24.4847870055511,2.8369123556581775,9.414402161060917,24.648587513707355,0.5,63.446317317832516,0.31621318340915716,0.1318388913203125,1.3451704285948338,-0.004852574279266819,0.1883898175311348,0.00979288238324357,1.3451704285948338,0.15006837828177239,-0.3784408659815888,38.0,0.7350805653792745,False,0.7875536480686695
29.98040421924459,3.487312435468234,11.655469321390058,30.182544378694622,0.5,64.13310120545276,0.8090432342064782,0.1623841740263459,1.623432323057223,0.02419698075443871,0.23195029610389156,0.31812646587450677,1.623432323057223,0.8083659128224846,0.869065251798446,39.0,0.777904256041493,False,0.7875536480686695
35.48350876807411,2.8452111975643186,9.443108161302124,35.597396270692855,0.5,65.36232535857958,0.5193111864510259,0.18359069682645673,2.4976926849972685,0.015003579950323667,0.263410275472736,0.17131934312752406,2.4976926849972685,0.4676006732831685,0.8412029057980362,40.0,0.820727946703712,False,0.7875536480686695
38.89142413407248,1.21267039351164,4.0873616916681,38.9103256303467,0.5,67.35900273107201,1.5493070527122745,0.31680735694627715,3.9284174520625186,0.04684517105458318,0.4538319097172997,0.0,3.9284174520625186,1.5445637523000375,0.7952515294192061,41.0,0.8295126379722697,False,0.7875536480686695
38.902022845060706,1.202109409341109,4.057837321175434,38.92059157399398,0.5,69.18861043589722,0.3349663516337759,0.06786414537601078,0.6786760774408407,0.0099205216000348,0.09695372534869152,0.24880675977826908,0.6786760774408407,0.33065098492918055,-0.8471727061405535,42.0,0.8382973292408273,False,0.7875536480686695
35.511255248607526,2.837952270112025,9.41799945799169,35.62447504762967,0.5,68.93038598050339,0.6507523909081264,0.15243361801918326,1.3580965775322937,-0.01708277452171144,0.21689024460308967,0.44132915012308066,1.3580965775322937,0.6257823170970965,0.7935802829543789,43.0,0.8178175571427784,False,0.7875536480686695
30.014696840268883,3.4873156927143505,11.65548050908292,30.21660796902754,0.5,68.1949963365484,0.43279082349157505,0.266632258874102,3.8448770237512946,-0.008698305923827183,0.30323179035734454,0.3256120949482927,3.8448770237512946,0.193287221905358,0.5730291533750507,44.0,0.7973377850447295,False,0.7875536480686695
24.512522928781518,2.844176403898157,9.439528965061058,24.676975498438434,0.5,66.87012031878696,1.1559173905214821,0.23095357182095994,2.486780446219001,-0.03476869435453856,0.33021579541285945,0.0,2.486780446219001,1.155409877359875,0.8711032843730894,45.0,0.7830999046680003,False,0.7875536480686695
21.107054445685193,1.2111608206422901,4.083114368559059,21.141775183427196,0.5,65.07866479008193,0.7282210756194347,0.14637047608231876,1.4637794377325406,-0.021739298580186438,0.20911134824750582,0.43913383131976214,1.4637794377325406,0.7245708216776094,0.7243466438026688,46.0,0.7688620242912713,False,0.7875536480686695
21.099483935760272,1.203617246824071,4.062025526709288,21.133786145228644,0.5,64.07169285889336,0.47330532493986904,0.15664321781749,2.03686738007071,-0.012755611983192618,0.22456670442059376,0.11230184291760505,2.03686738007071,0.3563469138263761,-0.5718154365992038,47.0,0.7538838295180986,False,0.7875536480686695
24.492704008679517,2.838991454035498,9.421594172063628,24.656691224348656,0.5,63.43189981997306,0.33568116000153464,0.08520821163063559,1.209588160212256,-0.010084979139154392,0.12235464654339163,0.20683808858272942,1.209588160212256,0.32375365515349996,-0.8711546523280081,48.0,0.7389056347449258,False,0.7875536480686695
29.990202104248212,3.4873180193194084,11.655488500294354,30.1922773109536,0.5,63.528042258274226,0.4507927025291522,0.1128750906849249,0.9257702306194773,0.01164492727259345,0.1604956002483608,0.251155167704611,0.9257702306194773,0.4454825463911075,0.7539879474793773,49.0,0.7813032880541789,False,0.7875536480686695
35.49144386943829,2.84314087768174,9.435947180056782,35.60514061182506,0.5,64.9884582239146,1.214452545332354,0.25204813908291973,3.279681283808351,0.036936889310622396,0.3613452124714546,0.7649305518881399,3.279681283808351,1.1925944791292835,0.8674835637538068,50.0,0.823700941363432,False,0.7875536480686695
38.894464535692784,1.2096515301742659,4.078865925667763,38.91327059426792,0.5,67.09113198839069,1.2524733285590794,0.30858168368717837,4.373655209227216,0.03782931553841543,0.44309357057996435,0.6563391636477816,4.373655209227216,1.1196164237040678,0.8240999438541534,51.0,0.8301170157324299,False,0.7875536480686695
38.899006842478215,1.2051253804048332,4.066212618244506,38.91767028630648,0.5,68.24933921118134,0.4848841498576293,0.20946335942147198,2.599546815268596,0.007224483412541967,0.2942971172862556,0.08080860218194215,2.599546815268596,0.22867919859074434,-0.18065153205629017,52.0,0.8365330901014277,False,0.7875536480686695
35.50333522367361,2.840029907091164,9.425186302290921,35.61674580696159,0.5,68.66042519015876,0.28851574435826205,0.05765728580389471,0.5798026592302534,0.00866082381619339,0.08237638431360926,0.0,0.5798026592302534,0.2884568649956769,-0.8631594954314071,53.0,0.8130953470484379,False,0.7875536480686695
30.004898948547655,3.4873194152827214,11.655493295022037,30.206875998963618,0.5,68.27997417827817,0.7332525202817698,0.14738178291655363,1.473893022034602,-0.02188950032724725,0.21055614600494316,0.44216790661038063,1.473893022034602,0.7295770459071285,0.8671004900922749,54.0,0.7896576039954474,False,0.7875536480686695
24.50459083835433,2.8421046192509323,9.432362807271542,24.668857509457677,0.5,66.3803730655765,1.4633092886605223,0.31226863311763253,4.242118264140274,-0.04466544179559493,0.44802131034030834,1.0148481370109357,4.242118264140274,1.410582844879334,0.869383500760907,55.0,0.7808229812003387,False,0.7875536480686695
21.104018922210162,1.2081425248247282,4.074616364159432,21.1385719250212,0.5,64.94065270629847,0.7459055374797797,0.2768764359418046,2.7682252421056717,-0.011639630655003758,0.39550063867297364,0.010667079261300129,2.7682252421056717,0.4045888495776782,0.6257383326288023,56.0,0.7719883584052306,False,0.7875536480686695
21.10250481980994,1.206633807321833,4.07039859463276,21.13697411681894,0.5,63.48619759440558,1.302317357376504,0.2610265782425311,2.609701625903668,-0.03899619932758013,0.3728568305844071,0.5113949891500493,2.609701625903668,1.301253187619676,-0.7979480878903533,57.0,0.7542803520126323,False,0.7875536480686695
24.500627053246877,2.841067628941917,9.428775847688332,24.664800653451756,0.5,62.78985182532479,0.7608068939008213,0.2995803311807214,2.609701625903668,0.018054039247433453,0.4261548444865079,0.5297739168881205,2.609701625903668,0.7382214575190994,0.7241928895214618,58.0,0.7365723456200338,False,0.7875536480686695
47.5,20.611023074186985,46.65549489326476,51.77899450708431,0.5,63.50711224484014,0.40868649950664565,0.14474300329294515,1.544898185354107,0.007874176670095337,0.20693148570924283,0.023706258286603683,1.544898185354107,0.22022187533948498,0.4305593740419944,59.0,0.8095214237099184,False,0.7875536480686695
70.49937294675314,2.841067628941917,9.428775847688357,70.55659608539523,0.5,64.38441795614244,0.7897999190498644,0.15838020256308052,1.6815744380389717,0.02366568794054579,0.22641424556975698,0.47452592497564783,1.6815744380389717,0.7856629527890661,0.851697657494778,60.0,0.8824705017998029,False,0.7875536480686695
73.89749518019006,1.2066338073218281,4.070398594632735,73.90734577192707,0.5,66.36068829371133,1.4193724395565237,0.3052902045720714,4.209306761694911,0.04353152156430002,0.43813102945225507,0.7882661035328254,4.209306761694911,1.3718179595755091,0.7939742853270984,61.0,0.8436711618824491,False,0.7875536480686695
73.89598107778984,1.2081425248247202,4.074616364159411,73.9058565190159,0.5,67.95619551552319,0.661736214926523,0.26665014364572415,3.110036365175759,0.014541949127763387,0.3816406012097474,0.1768810746767738,3.110036365175759,0.3454228194709185,-0.4211263445385729,62.0,0.8048718219650952,False,0.7875536480686695
70.49540916164568,2.842104619250937,9.43236280727153,70.55267728112523,0.5,68.45195316334507,0.21433102191427972,0.05552695841965976,0.7623431879449782,0.006268728067336999,0.07968194980808836,0.0909438983914688,0.7623431879449782,0.17188203614326028,-0.8105333403717642,63.0,0.7775670221476233,False,0.7875536480686695
64.99510105145235,3.4873194152827187,11.655493295022097,65.0885900707083,0.5,68.42269445046884,0.21026845164747396,0.05178430270235125,0.4328907883767954,-0.005536478158445888,0.07363954333684561,0.08482892366994271,0.4328907883767954,0.2066128718140925,0.7683464360827874,64.0,0.750262222330151,False,0.7875536480686695
59.49666477632638,2.840029907091168,9.425186302290946,59.56440958642778,0.5,63.04646779920202,5.967812810472667,1.204129264236558,12.471432386402732,-0.17756562887058794,1.7209031696251136,4.177217812182058,12.471432386402732,5.908738812912397,0.8396425837983209,65.0,0.7784063433266118,False,0.7875536480686695
56.10099315752179,1.2051253804048305,4.066212618244471,56.11393552802016,0.5,56.46304445777651,3.2679530259139535,1.207778719241479,13.149531051315925,-0.06369375465670525,1.7270996176362363,0.0,13.149531051315925,1.645187377793267,0.7031205984506775,66.0,0.8065504643230728,False,0.7875536480686695
56.10553546430722,1.2096515301742663,4.078865925667742,56.118574167213914,0.5,53.69581581703053,1.5135262479718312,0.30421470195748096,3.0423022271981637,-0.04518270634452781,0.4346146038854519,0.9126906681594491,3.0423022271981637,1.5059396024630922,-0.8249148057961097,67.0,0.7811598283979029,False,0.7875536480686695
59.50855613056169,2.8431408776817384,9.435947180056736,59.57643580136829,0.5,52.28901155538984,0.6492261036214361,0.30558668955520163,3.0423022271981637,-0.004828990020715501,0.436197391305009,0.08445074697810206,3.0423022271981637,0.2775840263879887,-0.14863890194995513,68.0,0.7557691924727331,False,0.7875536480686695
47.50979789575178,14.560514177535287,34.8743162425969,49.69093950821807,0.5,53.01329602096339,0.779123404069158,0.15427005245536368,1.7832669078438599,0.02372347874763813,0.22077078723254226,0.213274277838655,1.7832669078438599,0.776670069372982,-0.9638576616544716,69.0,0.7446304100480532,False,0.7875536480686695
35.50729599132049,2.8389914540354986,9.421594172063642,35.62061118357363,0.5,54.43920760585381,0.6932701924371006,0.20078324522608684,2.8471121538003317,0.020754892259903568,0.2433088704517136,0.18532142369339144,2.8471121538003317,0.6765266820341134,0.8655423149575366,70.0,0.7334916276233732,False,0.7875536480686695
38.900516064239724,1.2036172468240711,4.062025526709277,38.91913211443731,0.5,56.648296240138095,1.6445437767953952,0.35053756452658286,4.583283029036643,0.049508605635062486,0.48428161147406557,0.7741022712281824,4.583283029036643,1.63635509148513,0.7572355728588219,71.0,0.7739278941776679,False,0.7875536480686695
38.89294555431481,1.2111608206422884,4.083114368559002,38.91179929564238,0.5,58.2680133336839,0.5525270674649511,0.3260331654131263,3.2595585740838473,0.004922800094853954,0.46570996726389136,0.015532958697080093,3.2595585740838473,0.18830834272895472,-0.06050804429435566,72.0,0.8143641607319627,False,0.7875536480686695
35.48747707121848,2.844176403898158,9.439528965061111,35.60126919502658,0.5,58.53877534719744,0.20479245680649472,0.04180244196582009,0.4142990016378221,0.006057584499355489,0.05964597454853436,0.08118569239657249,0.4142990016378221,0.2043327882260676,-0.8621476237743165,73.0,0.7616620144099328,False,0.7875536480686695
29.985303159731124,3.4873156927143514,11.655480509082977,30.187410891324102,0.5,58.052288016441764,1.0979875456895316,0.8826779895186969,8.66683279753493,-0.01769794547989985,0.90084739206156,1.2133565916548903,8.66683279753493,0.8389767074221681,0.47310271999247244,74.0,0.708959868087903,False,0.7875536480686695
24.488744751392478,2.8379522701120266,9.417999457991684,24.65263865362665,0.5,61.616274062141564,4.332549628802045,0.8666390646025954,8.66683279753493,0.12996348731497023,1.2381189710764187,0.0,8.66683279753493,4.331683032207957,-0.8680753675656651,75.0,0.7392674050182468,False,0.7875536480686695
21.097977154939294,1.2021094093411089,4.057837321175455,21.132195982963218,0.5,65.05303975492683,0.9325642667903377,0.1883583850087674,1.8836799488530787,-0.027704167744607645,0.2690971355504398,0.6536125136693918,1.8836799488530787,0.9233799109277805,0.6982585371800166,76.0,0.7695749419485903,False,0.7875536480686695
21.108575865927524,1.21267039351164,4.087361691668136,21.143380632503344,0.5,63.70320991894186,0.7108235495544153,0.20475487259657996,2.849852238026571,-0.019644371933983974,0.2934907561662738,0.021456080865229266,2.849852238026571,0.5398474579781594,-0.5651853634374632,77.0,0.7533367917660289,False,0.7875536480686695
24.516491231925887,2.8452111975643186,9.443108161302138,24.681036629036566,0.5,63.08826617793541,0.0766135329280313,0.015324990179283378,0.15325772046592334,-0.002298176078274608,0.021893960066560476,0.0,0.15325772046592334,0.07659820868886875,-0.8628205454845786,78.0,0.737098641583467,False,0.7875536480686695
30.019595780755402,3.4873124354682337,11.65546932139009,30.22147380361386,0.5,63.40073200668637,0.4249581596056763,0.1739856910819804,2.332347337057385,0.012313804850957951,0.19172519244245353,0.2465159099475409,2.332347337057385,0.3953133540148606,0.8398464741685402,79.0,0.7813193661156164,False,0.7875536480686695
35.515212994448895,2.8369123556581783,9.414402161060902,35.62833739812676,0.5,64.56690567521505,0.7978853321326214,0.1739856910819804,2.332347337057385,0.02404646146572336,0.23737205929439242,1.4210854715202004e-14,2.332347337057385,0.7941837878844059,0.8739955301147685,80.0,0.8255400906477661,False,0.7875536480686695
38.90352718452792,1.2006018707287536,4.05364800279154,38.92204866459755,0.5,66.40761902800446,1.2646979913509635,0.28558657596700054,3.9373516361361,0.03767481305286102,0.40985320560451877,0.9709796951283982,3.9373516361361,1.2320380834063736,0.6700918364507742,81.0,0.8331277750561371,False,0.7875536480686695
38.88990027538305,1.2141802460761082,4.091607893830201,38.908849598763524,0.5,68.37629484607247,1.1372234791772358,0.28558657596700054,3.9373516361361,0.033008513202518845,0.40985320560451877,1.4210854715202004e-14,3.9373516361361,0.942836982909198,-0.6019799829406522,82.0,0.8407154594645082,False,0.7875536480686695
35.47953896109346,2.846245258344673,9.446684767798331,35.59352183982921,0.5,69.20159906831752,0.20022797156889677,0.13043996813729064,1.4202934230071804,-0.003319951717904252,0.18652679615467757,0.2587912681750009,1.4202934230071804,0.08777138376572707,0.5066487137204267,83.0,0.7703761464770307,False,0.7875536480686695
29.97550528413217,3.487308247582028,11.655454937218774,30.17767777435316,0.5,68.4914523568139,0.6549600219379318,0.1304399681372906,1.4202934230071804,-0.01974980806166114,0.18652679615467757,1.4210854715202004e-14,1.4202934230071804,0.6540319881893276,0.875779132117922,84.0,0.7000368334895535,False,0.7875536480686695
24.480830772240783,2.8358717110117,9.41080228225782,24.644537805777727,0.5,67.13098075883215,0.8352435869109534,0.2074837732738776,2.929823918704926,-0.024918590020161512,0.2672412198174502,0.5699141417971817,2.929823918704926,0.8193860486125786,0.8399384673595027,85.0,0.7332223722374579,False,0.7875536480686695
21.094970917771203,1.1990946337711215,4.049457572706547,21.129023308292116,0.5,65.66606879947972,0.8367528234336425,0.20748377327387757,2.929823918704926,-0.024970272793338986,0.2979045128609875,0.0,2.929823918704926,0.747983618553059,0.873725317639491,86.0,0.766407910985362,False,0.7875536480686695
21.11162602133556,1.2156903756403645,4.095852973880749,21.146599167576746,0.5,63.48931395543937,1.5957802770467313,0.32074754040237347,3.207639046553574,-0.04763820366168716,0.4582341495076534,0.9622917139660724,3.207639046553574,1.5877813280440178,-0.825735022870419,87.0,0.7527469942422897,False,0.7875536480686695
24.52443234863474,2.8472785859039904,9.45025878356886,24.68916315650471,0.5,62.541971281337794,0.8420883671337757,0.34781474710328586,3.207639046553574,0.01055358955153278,0.4951354312151721,0.0,3.207639046553574,0.7351729213525846,0.41255406755629775,88.0,0.7390860774992173,False,0.7875536480686695
30.029393644262672,3.48730312905697,11.655437356572932,30.231205165457993,0.5,63.74693399999123,0.7997107569778329,0.16109810405635624,1.6110632313771447,0.023820340846763932,0.23015189019673496,0.5235335825601933,1.6110632313771447,0.7939319604226562,0.8649647805203549,89.0,0.7820116942758213,False,0.7875536480686695
35.523123947453485,2.8348303365106533,9.407199822569623,35.63605755443417,0.5,65.0322483305374,0.6850797643142997,0.1866650904753717,2.5706286610923144,0.019847304151122444,0.26788249592014146,1.4210854715202004e-14,2.5706286610923144,0.5764465087402135,0.8607469308297329,90.0,0.8249373110524254,False,0.7875536480686695
38.906528537751456,1.1975877012637024,4.045266032069648,38.9249557374326,0.5,66.46998753167045,0.9521948984473695,0.19138861161130755,1.9139837608730232,0.02842550139910351,0.27342625155328903,0.574195128261907,1.9139837608730232,0.9474219616321455,0.7211569602182165,91.0,0.8339387180082514,False,0.7875536480686695
38.88684524433521,1.2172007795199096,4.100096930655582,38.90589043826835,0.5,67.93083365367993,0.7539665011696177,0.21954080896171435,3.0093190686403375,0.021781909336385387,0.3150346036493082,0.29715701997783994,3.0093190686403375,0.6322058338989597,-0.6673960923460658,92.0,0.8429401249640776,False,0.7875536480686695
35.47159483997862,2.8483111799073435,9.453830207633473,35.58576846253546,0.5,68.7086115701815,0.2811709206747698,0.11306975342047051,1.3875332959721902,0.006879259291230275,0.1619485368467084,0.07927132705643254,1.3875332959721902,0.18547229986602048,-0.6681949347822076,93.0,0.7740293020585116,False,0.7875536480686695
29.965707435403612,3.487297079894575,11.655416579457484,30.16794429568651,0.5,68.26013687647702,0.6832056967657294,0.14210674723187855,1.3877980437339374,-0.02001251913090026,0.20260361795945206,0.37650017130157104,1.3877980437339374,0.67870518216108,0.8516360838266457,94.0,0.7051184791529452,False,0.7875536480686695
24.472922847552855,2.8337882324934096,9.403594782984445,24.636442690633977,0.5,67.11288736733555,0.6244251530683077,0.1721733483752404,2.421216725517681,-0.018545608678119812,0.24718569331707022,0.31002560453512307,2.421216725517681,0.5615029770573754,0.8621591230365566,95.0,0.7369980721665561,False,0.7875536480686695
21.09197444931532,1.1960810760134368,4.041073382030341,21.12586083715804,0.5,65.45512832857375,1.1997920418108583,0.2476728037650183,3.2949557153682463,-0.036817703628408666,0.3552091630475424,0.4431689413351628,3.2949557153682463,1.178563383891004,0.8098844141979933,96.0,0.7688776651801668,False,0.7875536480686695
21.11468592718536,1.2187114550410287,4.104339762990861,21.14982788143506,0.5,63.46954098282133,1.0138840256275083,0.2918235618090455,4.129322835610033,-0.030130238579941092,0.4190166709586533,0.6480974508441439,4.129322835610033,0.9544870371305708,-0.7924219403937169,97.0,0.754156416401636,False,0.7875536480686695
24.53237947197692,2.8493430400201127,9.457399039012756,24.69729536440753,0.5,62.88179813325003,0.5357055355867826,0.22458264226419467,1.86778580202553,0.00472860551327302,0.30398287792435724,0.13441915811434513,1.86778580202553,0.44902818649922444,0.31881800719611614,98.0,0.7394351676231057,False,0.7875536480686695
30.039191475525463,3.487290100096643,11.65539260587802,30.24093610894864,0.5,63.639207857428936,0.5376217125016926,0.1620478815659614,2.2754810840427666,0.015944731133832983,0.23264202286142063,0.2577537780009988,2.2754810840427666,0.5056571415794422,0.8591020863724552,99.0,0.782385282015841,False,0.7875536480686695
35.531028841656045,2.832745399298658,9.399987164490831,35.64377164448007,0.5,64.7673470310136,0.6571457718646778,0.13152771361043405,1.3153442403688729,0.01970056540030385,0.1879063200526961,0.0,1.3153442403688729,0.6566198447921409,0.8701568594913962,100.0,0.8253353964085762,False,0.7875536480686695
38.909520120617906,1.1945747608387611,4.036879623738471,38.92785332992308,0.5,66.30563436583388,0.9833724775510165,0.26744942358551343,3.7973774228478305,0.02939789216807323,0.38404526597635025,0.5376127512370121,3.7973774228478305,0.943198983420956,0.7136939312936313,101.0,0.8317144486822446,False,0.7875536480686695
38.88378046452263,1.2202223995406851,4.108581469722836,38.90292181723029,0.5,68.20432307725783,1.0621274630598576,0.2674494235855134,3.7973774228478305,0.03194348210319097,0.38404526597635025,0.0,3.7973774228478305,1.0314372764599147,-0.7304390706348113,102.0,0.8380935009559134,False,0.7875536480686695
35.46364471658856,2.8503741659080273,9.460965276728043,35.57800907119587,0.5,69.10925603815276,0.09796157013306633,0.019733913894643542,0.19734920701301917,-0.002917902466727238,0.02819274385900274,0.06413090147592881,0.19734920701301917,0.09725368921601386,0.8748090220323974,103.0,0.7725017310383854,False,0.7875536480686695
29.9559096242936,3.4872821896652155,11.65536543584117,30.158210465629455,0.5,68.67694148251914,0.36151036380795687,0.07205795972973308,0.8924324406111452,-0.01107850407330552,0.1032223092420585,0.13620794008633388,0.8924324406111452,0.35835286453613435,0.8889921717016231,104.0,0.7069099611208575,False,0.7875536480686695
24.46502098600358,2.8317018372653995,9.396376968078144,24.628353317685853,0.5,67.2970869094694,1.1675672608608634,0.24142469107042197,3.0143377877569577,-0.035108788090205074,0.34588196608314964,0.753668522724528,3.0143377877569577,1.1551621092008002,0.8535379482098128,105.0,0.7373530031047227,False,0.7875536480686695
21.088987752858742,1.1930687585696778,4.03268475834421,21.122708574018176,0.5,65.43713579702383,1.0120219695746386,0.3023586742145547,5.125336591608935,-0.029663993860687226,0.41202515182952776,0.34235136886017403,5.125336591608935,0.8474681198414953,0.8392870083315899,106.0,0.7677960450885876,False,0.7875536480686695
21.11775558012023,1.2217336103665175,4.11282204968845,21.153066769534824,0.5,63.890271948945376,0.7615129930008216,0.1984334456140998,3.039459842644952,-0.022995322201257325,0.28541140110254537,0.04573252320144257,3.039459842644952,0.7355254299733096,-0.7461960023867765,107.0,0.7556710657258825,False,0.7875536480686695
24.540332593234524,2.851404557237035,9.464528919801069,24.705433243228114,0.5,63.082088741473164,0.19722178980010624,0.12799952592688754,1.2562271578044957,-0.00201794466748689,0.18253162275444196,0.24616924301182216,1.2562271578044957,0.13714588964961721,-0.2676194578007345,108.0,0.7435460863631773,False,0.7875536480686695
30.048989263795676,3.487273348602729,11.65533506935456,30.250666623788348,0.5,63.5981809738819,0.6276108868818226,0.12561630694868356,1.2562271578044957,0.018815139429222628,0.17946102254349938,1.4210854715202004e-14,1.2562271578044957,0.6271085971760035,0.8710454472723964,109.0,0.7826291951127976,False,0.7875536480686695
35.53892766838501,2.830657546732948,9.392764194736607,35.65147966025502,0.5,65.36313349891662,1.310871608238935,0.26406913863039694,2.640826112019539,0.03904587782787946,0.3772608731456485,0.8581669101604882,2.640826112019539,1.301399108003227,0.8427404886761286,110.0,0.8217123038624183,False,0.7875536480686695
38.91250192984553,1.1915630720477925,4.028488786997812,38.93074143905944,0.5,67.0244828604708,0.7888953432812721,0.2723936084429102,3.336614490681569,0.019371143627094838,0.39013561278531717,0.09741037301268421,3.336614490681569,0.5030356070420313,0.7911499219335313,111.0,0.8304828352264826,False,0.7875536480686695
38.8807059393073,1.2232450848767702,4.117061501724635,38.89994373873259,0.5,68.53154876131742,1.01670506468388,0.24496020803168042,2.7207288756456904,0.030092577649820675,0.31990692840485974,0.1644734517633097,2.7207288756456904,1.0105527112563129,-0.7532467667232955,112.0,0.8392533665905471,False,0.7875536480686695
35.45568859964451,2.85243421367351,9.468089967254677,35.57024367386729,0.5,68.96357170872695,0.5872876920815353,0.117475043502015,1.1748103697379264,-0.01761686837068784,0.16783005281970378,0.0,1.1748103697379264,0.587170222795016,0.8629427669210249,113.0,0.7751530379954916,False,0.7875536480686695
29.946111861550236,3.4872635769116616,11.655301506426238,30.148476294488486,0.5,68.19812992213596,0.33834913702376757,0.20233263746138191,2.308893863058927,-0.0069379937301821395,0.2895020184153276,0.3961360981117589,2.308893863058927,0.19358039952777517,0.5893619305401695,114.0,0.7110527094004359,False,0.7875536480686695
24.45712519626119,2.8296125280409896,9.389148845456827,24.620269696419665,0.5,67.12504720634577,1.032525154558081,0.3402438702990869,2.712140524643104,-0.02545077327282976,0.4826650105099184,0.644097687554614,2.712140524643104,1.025105913012382,0.7397794165241,115.0,0.73701579581361,False,0.7875536480686695
21.086010831677818,1.1900577041264628,4.024291710850136,21.119566523316355,0.5,67.51645524255724,1.3536271350523275,0.27120021607155265,2.712140524643104,0.04053970625194092,0.38744864637758625,1.4210854715202004e-14,2.712140524643104,1.3511884093771958,-0.8043400916555487,116.0,0.7629788822267838,False,0.7875536480686695
21.12083497677281,1.2247568204401655,4.121299824668608,21.15631582731938,0.5,68.7911612891395,2.842170943040401e-14,0.0,0.0,-2.976000057004811e-16,0.0,1.4210854715202004e-14,0.0,2.842170943040401e-14,8.470329472543004e-24,117.0,0.7541046335643301,False,0.7875536480686695
